display_tag,combined_count,merged_from,normalized_tag,tag_count_merged,links
ID documents,887,"ID documents, ID-document",id document,2,"https://platform.keesingtechnologies.com/tag/id-document/, https://platform.keesingtechnologies.com/tag/id-documents/"
banknotes,421,"Banknote, banknotes",banknote,2,"https://platform.keesingtechnologies.com/tag/banknote/, https://platform.keesingtechnologies.com/tag/banknotes/"
passport,173,"passport, Passports",passport,2,"https://platform.keesingtechnologies.com/tag/passport/, https://platform.keesingtechnologies.com/tag/passports/"
premium,162,premium,premium,1,https://platform.keesingtechnologies.com/tag/premium/
security-features,137,"security feature, security-features",security feature,2,"https://platform.keesingtechnologies.com/tag/security-feature/, https://platform.keesingtechnologies.com/tag/security-features/"
Coronavirus,133,Coronavirus,coronaviru,1,https://platform.keesingtechnologies.com/tag/coronavirus/
biometrics,131,"biometric, biometrics",biometric,2,"https://platform.keesingtechnologies.com/tag/biometric/, https://platform.keesingtechnologies.com/tag/biometrics/"
Design,98,Design,design,1,https://platform.keesingtechnologies.com/tag/design/
visa,88,"visa, visas",visa,2,"https://platform.keesingtechnologies.com/tag/visa/, https://platform.keesingtechnologies.com/tag/visas/"
Cyber Security,61,Cyber Security,cyber security,1,https://platform.keesingtechnologies.com/tag/cyber-security/
security printing,61,security printing,security printing,1,https://platform.keesingtechnologies.com/tag/security-printing/
Travel,55,Travel,travel,1,https://platform.keesingtechnologies.com/tag/travel/
counterfeit,54,counterfeit,counterfeit,1,https://platform.keesingtechnologies.com/tag/counterfeit/
ID Card,43,"ID Card, ID Cards",id card,2,"https://platform.keesingtechnologies.com/tag/id-card/, https://platform.keesingtechnologies.com/tag/id-cards/"
security,41,security,security,1,https://platform.keesingtechnologies.com/tag/security/
EU,39,EU,eu,1,https://platform.keesingtechnologies.com/tag/eu/
Hologram,37,"Hologram, Holograms",hologram,2,"https://platform.keesingtechnologies.com/tag/hologram/, https://platform.keesingtechnologies.com/tag/holograms/"
CyberSecurity,36,CyberSecurity,cybersecurity,1,https://platform.keesingtechnologies.com/tag/cybersecurity/
driver's license,36,driver's license,driver' license,1,https://platform.keesingtechnologies.com/tag/drivers-license/
USA,36,USA,usa,1,https://platform.keesingtechnologies.com/tag/usa/
Artificial Intelligence,34,Artificial Intelligence,artificial intelligence,1,https://platform.keesingtechnologies.com/tag/artificial-intelligence/
e-passport,34,"e-passport, e-passports",e passport,2,"https://platform.keesingtechnologies.com/tag/e-passport/, https://platform.keesingtechnologies.com/tag/e-passports/"
technology,34,technology,technology,1,https://platform.keesingtechnologies.com/tag/technology/
UK,34,UK,uk,1,https://platform.keesingtechnologies.com/tag/uk/
Cyber Attack,29,"Cyber Attack, cyber-attacks",cyber attack,2,"https://platform.keesingtechnologies.com/tag/cyber-attack/, https://platform.keesingtechnologies.com/tag/cyber-attacks/"
identification,29,identification,identification,1,https://platform.keesingtechnologies.com/tag/identification/
Authentication,28,Authentication,authentication,1,https://platform.keesingtechnologies.com/tag/authentication/
counterfeiting,27,counterfeiting,counterfeiting,1,https://platform.keesingtechnologies.com/tag/counterfeiting/
Cyber Crime,25,Cyber Crime,cyber crime,1,https://platform.keesingtechnologies.com/tag/cyber-crime/
Background static security features,24,Background static security features,background static security feature,1,https://platform.keesingtechnologies.com/tag/background-static-security-features/
Brexit,24,Brexit,brexit,1,https://platform.keesingtechnologies.com/tag/brexit/
fake,24,fake,fake,1,https://platform.keesingtechnologies.com/tag/fake/
china,23,china,china,1,https://platform.keesingtechnologies.com/tag/china/
ID verification,23,ID verification,id verification,1,https://platform.keesingtechnologies.com/tag/id-verification/
United States,23,United States,united state,1,https://platform.keesingtechnologies.com/tag/united-states/
Canada,22,Canada,canada,1,https://platform.keesingtechnologies.com/tag/canada/
ePassport,22,ePassport,epassport,1,https://platform.keesingtechnologies.com/tag/epassport/
fraud,22,fraud,fraud,1,https://platform.keesingtechnologies.com/tag/fraud/
identity,22,identity,identity,1,https://platform.keesingtechnologies.com/tag/identity/
Real ID,22,Real ID,real id,1,https://platform.keesingtechnologies.com/tag/real-id/
Ukraine,22,Ukraine,ukraine,1,https://platform.keesingtechnologies.com/tag/ukraine/
document,21,"document, documents",document,2,"https://platform.keesingtechnologies.com/tag/document/, https://platform.keesingtechnologies.com/tag/documents/"
polymer,21,polymer,polymer,1,https://platform.keesingtechnologies.com/tag/polymer/
Digital ID,20,Digital ID,digital id,1,https://platform.keesingtechnologies.com/tag/digital-id/
Cyberattack,19,"Cyberattack, Cyberattacks",cyberattack,2,"https://platform.keesingtechnologies.com/tag/cyberattack/, https://platform.keesingtechnologies.com/tag/cyberattacks/"
cybercrime,19,cybercrime,cybercrime,1,https://platform.keesingtechnologies.com/tag/cybercrime/
Facial Recognition,19,Facial Recognition,facial recognition,1,https://platform.keesingtechnologies.com/tag/facial-recognition/
ICAO,18,ICAO,icao,1,https://platform.keesingtechnologies.com/tag/icao/
id,18,id,id,1,https://platform.keesingtechnologies.com/tag/id/
A.I.,17,A.I.,a.i.,1,https://platform.keesingtechnologies.com/tag/a-i/
Cryptocurrency,17,Cryptocurrency,cryptocurrency,1,https://platform.keesingtechnologies.com/tag/cryptocurrency/
document security,17,document security,document security,1,https://platform.keesingtechnologies.com/tag/document-security/
inks,17,inks,inks,1,https://platform.keesingtechnologies.com/tag/inks/
United Arab Emirates,17,United Arab Emirates,united arab emirate,1,https://platform.keesingtechnologies.com/tag/united-arab-emirates/
e-ID,16,e-ID,e id,1,https://platform.keesingtechnologies.com/tag/e-id/
paper,16,paper,paper,1,https://platform.keesingtechnologies.com/tag/paper/
Germany,15,Germany,germany,1,https://platform.keesingtechnologies.com/tag/germany/
printing,15,printing,printing,1,https://platform.keesingtechnologies.com/tag/printing/
border control,14,border control,border control,1,https://platform.keesingtechnologies.com/tag/border-control/
France,14,France,france,1,https://platform.keesingtechnologies.com/tag/france/
India,14,India,india,1,https://platform.keesingtechnologies.com/tag/india/
Zimbabwe,14,Zimbabwe,zimbabwe,1,https://platform.keesingtechnologies.com/tag/zimbabwe/
Polymer banknotes,13,Polymer banknotes,polymer banknote,1,https://platform.keesingtechnologies.com/tag/polymer-banknotes/
Regulations,13,"regulation, Regulations",regulation,2,"https://platform.keesingtechnologies.com/tag/regulation/, https://platform.keesingtechnologies.com/tag/regulations/"
Russia,13,Russia,russia,1,https://platform.keesingtechnologies.com/tag/russia/
Saudi Arabia,13,Saudi Arabia,saudi arabia,1,https://platform.keesingtechnologies.com/tag/saudi-arabia/
border security,12,border security,border security,1,https://platform.keesingtechnologies.com/tag/border-security/
Croatia,12,Croatia,croatia,1,https://platform.keesingtechnologies.com/tag/croatia/
e-visa,12,"e-visa, E-Visas",e visa,2,"https://platform.keesingtechnologies.com/tag/e-visa/, https://platform.keesingtechnologies.com/tag/e-visas/"
genuine,12,genuine,genuine,1,https://platform.keesingtechnologies.com/tag/genuine/
Schengen Visa,12,Schengen Visa,schengen visa,1,https://platform.keesingtechnologies.com/tag/schengen-visa/
Australia,11,Australia,australia,1,https://platform.keesingtechnologies.com/tag/australia/
biometric technology,11,"biometric technology, Biometrics Technology",biometric technology,2,"https://platform.keesingtechnologies.com/tag/biometric-technology/, https://platform.keesingtechnologies.com/tag/biometrics-technology/"
citizenship,11,citizenship,citizenship,1,https://platform.keesingtechnologies.com/tag/citizenship/
Mexico,11,Mexico,mexico,1,https://platform.keesingtechnologies.com/tag/mexico/
Nigeria,11,Nigeria,nigeria,1,https://platform.keesingtechnologies.com/tag/nigeria/
travel documents,11,"travel document, travel documents",travel document,2,"https://platform.keesingtechnologies.com/tag/travel-document/, https://platform.keesingtechnologies.com/tag/travel-documents/"
Belarus,10,Belarus,belaru,1,https://platform.keesingtechnologies.com/tag/belarus/
Britain,10,Britain,britain,1,https://platform.keesingtechnologies.com/tag/britain/
Bulgaria,10,Bulgaria,bulgaria,1,https://platform.keesingtechnologies.com/tag/bulgaria/
digital identity,10,digital identity,digital identity,1,https://platform.keesingtechnologies.com/tag/digital-identity/
e-document,10,e-document,e document,1,https://platform.keesingtechnologies.com/tag/e-document/
England,10,England,england,1,https://platform.keesingtechnologies.com/tag/england/
European Union,10,European Union,european union,1,https://platform.keesingtechnologies.com/tag/european-union/
identity management,10,identity management,identity management,1,https://platform.keesingtechnologies.com/tag/identity-management/
Philippines,10,Philippines,philippine,1,https://platform.keesingtechnologies.com/tag/philippines/
Poland,10,Poland,poland,1,https://platform.keesingtechnologies.com/tag/poland/
Schengen,10,Schengen,schengen,1,https://platform.keesingtechnologies.com/tag/schengen/
Singapore,10,Singapore,singapore,1,https://platform.keesingtechnologies.com/tag/singapore/
Taiwan,10,Taiwan,taiwan,1,https://platform.keesingtechnologies.com/tag/taiwan/
United Kingdom,10,United Kingdom,united kingdom,1,https://platform.keesingtechnologies.com/tag/united-kingdom/
banknote design,9,banknote design,banknote design,1,https://platform.keesingtechnologies.com/tag/banknote-design/
biometric technologies,9,biometric technologies,biometric technologie,1,https://platform.keesingtechnologies.com/tag/biometric-technologies/
Digital currency,9,Digital currency,digital currency,1,https://platform.keesingtechnologies.com/tag/digital-currency/
face recognition,9,face recognition,face recognition,1,https://platform.keesingtechnologies.com/tag/face-recognition/
Greece,9,Greece,greece,1,https://platform.keesingtechnologies.com/tag/greece/
Hong Kong,9,Hong Kong,hong kong,1,https://platform.keesingtechnologies.com/tag/hong-kong/
identity card,9,"identity card, identity cards",identity card,2,"https://platform.keesingtechnologies.com/tag/identity-card/, https://platform.keesingtechnologies.com/tag/identity-cards/"
Identity Documents,9,"identity document, Identity Documents",identity document,2,"https://platform.keesingtechnologies.com/tag/identity-document/, https://platform.keesingtechnologies.com/tag/identity-documents/"
identity verification,9,identity verification,identity verification,1,https://platform.keesingtechnologies.com/tag/identity-verification/
Italy,9,Italy,italy,1,https://platform.keesingtechnologies.com/tag/italy/
Japan,9,Japan,japan,1,https://platform.keesingtechnologies.com/tag/japan/
security-design,9,security-design,security design,1,https://platform.keesingtechnologies.com/tag/security-design/
Spain,9,Spain,spain,1,https://platform.keesingtechnologies.com/tag/spain/
Thailand,9,Thailand,thailand,1,https://platform.keesingtechnologies.com/tag/thailand/
visa-free,9,visa-free,visa free,1,https://platform.keesingtechnologies.com/tag/visa-free/
Boris Johnson,8,Boris Johnson,bori johnson,1,https://platform.keesingtechnologies.com/tag/boris-johnson/
Cyprus,8,Cyprus,cypru,1,https://platform.keesingtechnologies.com/tag/cyprus/
Driver's Licences,8,Driver's Licences,driver' licence,1,https://platform.keesingtechnologies.com/tag/drivers-licences/
Estonia,8,Estonia,estonia,1,https://platform.keesingtechnologies.com/tag/estonia/
fingerprint,8,fingerprint,fingerprint,1,https://platform.keesingtechnologies.com/tag/fingerprint/
Generative Artificial Intelligence,8,Generative Artificial Intelligence,generative artificial intelligence,1,https://platform.keesingtechnologies.com/tag/generative-artificial-intelligence/
Ghana,8,Ghana,ghana,1,https://platform.keesingtechnologies.com/tag/ghana/
Holography,8,Holography,holography,1,https://platform.keesingtechnologies.com/tag/holography/
IDs,8,IDs,ids,1,https://platform.keesingtechnologies.com/tag/ids/
Mobile Driver’s License,8,"Mobile Driver’s License, Mobile Driver’s Licenses",mobile driver’ license,2,"https://platform.keesingtechnologies.com/tag/mobile-drivers-license/, https://platform.keesingtechnologies.com/tag/mobile-drivers-licenses/"
pesos,8,"Peso, pesos",peso,2,"https://platform.keesingtechnologies.com/tag/peso/, https://platform.keesingtechnologies.com/tag/pesos/"
South Africa,8,South Africa,south africa,1,https://platform.keesingtechnologies.com/tag/south-africa/
Argentina,7,Argentina,argentina,1,https://platform.keesingtechnologies.com/tag/argentina/
Austria,7,Austria,austria,1,https://platform.keesingtechnologies.com/tag/austria/
Azerbaijan,7,Azerbaijan,azerbaijan,1,https://platform.keesingtechnologies.com/tag/azerbaijan/
Blockchain technology,7,Blockchain technology,blockchain technology,1,https://platform.keesingtechnologies.com/tag/blockchain-technology/
counterfeiters,7,counterfeiters,counterfeiter,1,https://platform.keesingtechnologies.com/tag/counterfeiters/
Covid-19,7,Covid-19,covid 19,1,https://platform.keesingtechnologies.com/tag/covid-19/
Cyber Risk,7,Cyber Risk,cyber risk,1,https://platform.keesingtechnologies.com/tag/cyber-risk/
Dirham,7,Dirham,dirham,1,https://platform.keesingtechnologies.com/tag/dirham/
dollar,7,"dollar, Dollars",dollar,2,"https://platform.keesingtechnologies.com/tag/dollar/, https://platform.keesingtechnologies.com/tag/dollars/"
Driver’s Licence,7,Driver’s Licence,driver’ licence,1,https://platform.keesingtechnologies.com/tag/drivers-licence/
Finland,7,Finland,finland,1,https://platform.keesingtechnologies.com/tag/finland/
government,7,government,government,1,https://platform.keesingtechnologies.com/tag/government/
High Security Printing,7,High Security Printing,high security printing,1,https://platform.keesingtechnologies.com/tag/high-security-printing/
IHMA,7,IHMA,ihma,1,https://platform.keesingtechnologies.com/tag/ihma/
immigration,7,immigration,immigration,1,https://platform.keesingtechnologies.com/tag/immigration/
Iran,7,Iran,iran,1,https://platform.keesingtechnologies.com/tag/iran/
Ireland,7,Ireland,ireland,1,https://platform.keesingtechnologies.com/tag/ireland/
National ID Card,7,National ID Card,national id card,1,https://platform.keesingtechnologies.com/tag/national-id-card/
Norway,7,Norway,norway,1,https://platform.keesingtechnologies.com/tag/norway/
optical security feature,7,"optical security feature, optical security features",optical security feature,2,"https://platform.keesingtechnologies.com/tag/optical-security-feature/, https://platform.keesingtechnologies.com/tag/optical-security-features/"
pound,7,pound,pound,1,https://platform.keesingtechnologies.com/tag/pound/
Vietnam,7,Vietnam,vietnam,1,https://platform.keesingtechnologies.com/tag/vietnam/
Zero Trust Framework,7,Zero Trust Framework,zero trust framework,1,https://platform.keesingtechnologies.com/tag/zero-trust-framework/
Albania,6,Albania,albania,1,https://platform.keesingtechnologies.com/tag/albania/
Czech Republic,6,Czech Republic,czech republic,1,https://platform.keesingtechnologies.com/tag/czech-republic/
Digital Drivers License,6,Digital Drivers License,digital driver license,1,https://platform.keesingtechnologies.com/tag/digital-drivers-license/
Donald Trump,6,Donald Trump,donald trump,1,https://platform.keesingtechnologies.com/tag/donald-trump/
Egypt,6,Egypt,egypt,1,https://platform.keesingtechnologies.com/tag/egypt/
Euro,6,Euro,euro,1,https://platform.keesingtechnologies.com/tag/euro/
event 2026,6,event 2026,event 2026,1,https://platform.keesingtechnologies.com/tag/event-2026/
innovetion,6,innovetion,innovetion,1,https://platform.keesingtechnologies.com/tag/innovetion/
Kazakhstan,6,Kazakhstan,kazakhstan,1,https://platform.keesingtechnologies.com/tag/kazakhstan/
mDL,6,mDL,mdl,1,https://platform.keesingtechnologies.com/tag/mdl/
mobile,6,mobile,mobile,1,https://platform.keesingtechnologies.com/tag/mobile/
Oman,6,Oman,oman,1,https://platform.keesingtechnologies.com/tag/oman/
Press techniques,6,Press techniques,press technique,1,https://platform.keesingtechnologies.com/tag/press-techniques/
print,6,print,print,1,https://platform.keesingtechnologies.com/tag/print/
Switzerland,6,Switzerland,switzerland,1,https://platform.keesingtechnologies.com/tag/switzerland/
Turkey,6,Turkey,turkey,1,https://platform.keesingtechnologies.com/tag/turkey/
UAE,6,UAE,uae,1,https://platform.keesingtechnologies.com/tag/uae/
Uzbekistan,6,Uzbekistan,uzbekistan,1,https://platform.keesingtechnologies.com/tag/uzbekistan/
verification,6,verification,verification,1,https://platform.keesingtechnologies.com/tag/verification/
AAMVA,5,AAMVA,aamva,1,https://platform.keesingtechnologies.com/tag/aamva/
authentication technique,5,authentication technique,authentication technique,1,https://platform.keesingtechnologies.com/tag/authentication-technique/
Bangladesh,5,Bangladesh,bangladesh,1,https://platform.keesingtechnologies.com/tag/bangladesh/
Belgium,5,Belgium,belgium,1,https://platform.keesingtechnologies.com/tag/belgium/
biometric security,5,biometric security,biometric security,1,https://platform.keesingtechnologies.com/tag/biometric-security/
Cambodia,5,Cambodia,cambodia,1,https://platform.keesingtechnologies.com/tag/cambodia/
cash,5,cash,cash,1,https://platform.keesingtechnologies.com/tag/cash/
Colorado,5,Colorado,colorado,1,https://platform.keesingtechnologies.com/tag/colorado/
commemorative banknote,5,commemorative banknote,commemorative banknote,1,https://platform.keesingtechnologies.com/tag/commemorative-banknote/
currency,5,currency,currency,1,https://platform.keesingtechnologies.com/tag/currency/
Denmark,5,Denmark,denmark,1,https://platform.keesingtechnologies.com/tag/denmark/
digital,5,digital,digital,1,https://platform.keesingtechnologies.com/tag/digital/
DOVID,5,DOVID,dovid,1,https://platform.keesingtechnologies.com/tag/dovid/
facial recognition technology,5,facial recognition technology,facial recognition technology,1,https://platform.keesingtechnologies.com/tag/facial-recognition-technology/
fake passports,5,"fake passport, fake passports",fake passport,2,"https://platform.keesingtechnologies.com/tag/fake-passport/, https://platform.keesingtechnologies.com/tag/fake-passports/"
Fiji,5,Fiji,fiji,1,https://platform.keesingtechnologies.com/tag/fiji/
fingerprint recognition,5,fingerprint recognition,fingerprint recognition,1,https://platform.keesingtechnologies.com/tag/fingerprint-recognition/
holographic,5,holographic,holographic,1,https://platform.keesingtechnologies.com/tag/holographic/
holographic foil,5,holographic foil,holographic foil,1,https://platform.keesingtechnologies.com/tag/holographic-foil/
Hungary,5,Hungary,hungary,1,https://platform.keesingtechnologies.com/tag/hungary/
identity fraud,5,identity fraud,identity fraud,1,https://platform.keesingtechnologies.com/tag/identity-fraud/
iris recognition,5,iris recognition,iris recognition,1,https://platform.keesingtechnologies.com/tag/iris-recognition/
Letterpress,5,Letterpress,letterpress,1,https://platform.keesingtechnologies.com/tag/letterpress/
Lithuania,5,Lithuania,lithuania,1,https://platform.keesingtechnologies.com/tag/lithuania/
Malta,5,Malta,malta,1,https://platform.keesingtechnologies.com/tag/malta/
Namibia,5,Namibia,namibia,1,https://platform.keesingtechnologies.com/tag/namibia/
North Macedonia,5,North Macedonia,north macedonia,1,https://platform.keesingtechnologies.com/tag/north-macedonia/
Optically Variable Device,5,"Optically Variable Device, optically variable devices",optically variable device,2,"https://platform.keesingtechnologies.com/tag/optically-variable-device/, https://platform.keesingtechnologies.com/tag/optically-variable-devices/"
pakistan,5,pakistan,pakistan,1,https://platform.keesingtechnologies.com/tag/pakistan/
passport history,5,passport history,passport history,1,https://platform.keesingtechnologies.com/tag/passport-history/
Peru,5,Peru,peru,1,https://platform.keesingtechnologies.com/tag/peru/
Rwanda,5,Rwanda,rwanda,1,https://platform.keesingtechnologies.com/tag/rwanda/
Scotland,5,Scotland,scotland,1,https://platform.keesingtechnologies.com/tag/scotland/
security document,5,"security document, Security Documents",security document,2,"https://platform.keesingtechnologies.com/tag/security-document/, https://platform.keesingtechnologies.com/tag/security-documents/"
Serbia,5,Serbia,serbia,1,https://platform.keesingtechnologies.com/tag/serbia/
smartphone,5,smartphone,smartphone,1,https://platform.keesingtechnologies.com/tag/smartphone/
social media,5,social media,social media,1,https://platform.keesingtechnologies.com/tag/social-media/
Algeria,4,Algeria,algeria,1,https://platform.keesingtechnologies.com/tag/algeria/
Angola,4,Angola,angola,1,https://platform.keesingtechnologies.com/tag/angola/
Armenia,4,Armenia,armenia,1,https://platform.keesingtechnologies.com/tag/armenia/
Article,4,Article,article,1,https://platform.keesingtechnologies.com/tag/article/
Bahamas,4,Bahamas,bahama,1,https://platform.keesingtechnologies.com/tag/bahamas/
biometric identification,4,biometric identification,biometric identification,1,https://platform.keesingtechnologies.com/tag/biometric-identification/
biometric identity,4,biometric identity,biometric identity,1,https://platform.keesingtechnologies.com/tag/biometric-identity/
Bitcoin,4,Bitcoin,bitcoin,1,https://platform.keesingtechnologies.com/tag/bitcoin/
Brazil,4,Brazil,brazil,1,https://platform.keesingtechnologies.com/tag/brazil/
COVID,4,COVID,covid,1,https://platform.keesingtechnologies.com/tag/covid/
Cryptography,4,Cryptography,cryptography,1,https://platform.keesingtechnologies.com/tag/cryptography/
Cyber Resilient,4,Cyber Resilient,cyber resilient,1,https://platform.keesingtechnologies.com/tag/cyber-resilient/
dark web,4,dark web,dark web,1,https://platform.keesingtechnologies.com/tag/dark-web/
Digital Security,4,Digital Security,digital security,1,https://platform.keesingtechnologies.com/tag/digital-security/
Dominican Republic,4,Dominican Republic,dominican republic,1,https://platform.keesingtechnologies.com/tag/dominican-republic/
ECOWAS,4,ECOWAS,ecowa,1,https://platform.keesingtechnologies.com/tag/ecowas/
eID,4,eID,eid,1,https://platform.keesingtechnologies.com/tag/eid/
european,4,european,european,1,https://platform.keesingtechnologies.com/tag/european/
Frontex,4,Frontex,frontex,1,https://platform.keesingtechnologies.com/tag/frontex/
GDPR,4,GDPR,gdpr,1,https://platform.keesingtechnologies.com/tag/gdpr/
General Data Protection Regulation,4,General Data Protection Regulation,general data protection regulation,1,https://platform.keesingtechnologies.com/tag/general-data-protection-regulation/
Generative AI,4,Generative AI,generative ai,1,https://platform.keesingtechnologies.com/tag/generative-ai/
Guyana,4,Guyana,guyana,1,https://platform.keesingtechnologies.com/tag/guyana/
history,4,history,history,1,https://platform.keesingtechnologies.com/tag/history/
Hologram Image Register,4,Hologram Image Register,hologram image register,1,https://platform.keesingtechnologies.com/tag/hologram-image-register/
holographic images,4,holographic images,holographic image,1,https://platform.keesingtechnologies.com/tag/holographic-images/
HSP,4,HSP,hsp,1,https://platform.keesingtechnologies.com/tag/hsp/
ID-security,4,ID-security,id security,1,https://platform.keesingtechnologies.com/tag/id-security/
IN Groupe,4,IN Groupe,in groupe,1,https://platform.keesingtechnologies.com/tag/in-groupe/
Indonesia,4,Indonesia,indonesia,1,https://platform.keesingtechnologies.com/tag/indonesia/
interpol,4,interpol,interpol,1,https://platform.keesingtechnologies.com/tag/interpol/
Jamaica,4,Jamaica,jamaica,1,https://platform.keesingtechnologies.com/tag/jamaica/
Liberia,4,Liberia,liberia,1,https://platform.keesingtechnologies.com/tag/liberia/
optical document security,4,optical document security,optical document security,1,https://platform.keesingtechnologies.com/tag/optical-document-security/
Penetration Testing,4,Penetration Testing,penetration testing,1,https://platform.keesingtechnologies.com/tag/penetration-testing/
prize,4,prize,prize,1,https://platform.keesingtechnologies.com/tag/prize/
Ransomware,4,Ransomware,ransomware,1,https://platform.keesingtechnologies.com/tag/ransomware/
REALID,4,REALID,realid,1,https://platform.keesingtechnologies.com/tag/realid/
Recognition,4,Recognition,recognition,1,https://platform.keesingtechnologies.com/tag/recognition/
security-ink,4,security-ink,security ink,1,https://platform.keesingtechnologies.com/tag/security-ink/
Slovenia,4,Slovenia,slovenia,1,https://platform.keesingtechnologies.com/tag/slovenia/
Sweden,4,Sweden,sweden,1,https://platform.keesingtechnologies.com/tag/sweden/
tenge,4,tenge,tenge,1,https://platform.keesingtechnologies.com/tag/tenge/
Trinidad and Tobago,4,Trinidad and Tobago,trinidad and tobago,1,https://platform.keesingtechnologies.com/tag/trinidad-and-tobago/
U.S. Customs and Border Protection,4,U.S. Customs and Border Protection,u.s. custom and border protection,1,https://platform.keesingtechnologies.com/tag/u-s-customs-and-border-protection/
Venezuela,4,Venezuela,venezuela,1,https://platform.keesingtechnologies.com/tag/venezuela/
£20 note,4,£20 note,£20 note,1,https://platform.keesingtechnologies.com/tag/20-note/
award,3,"award, Awards",award,2,"https://platform.keesingtechnologies.com/tag/award/, https://platform.keesingtechnologies.com/tag/awards/"
Bank of Scotland,3,Bank of Scotland,bank of scotland,1,https://platform.keesingtechnologies.com/tag/bank-of-scotland/
bannknotes,3,bannknotes,bannknote,1,https://platform.keesingtechnologies.com/tag/bannknotes/
birth certificate,3,birth certificate,birth certificate,1,https://platform.keesingtechnologies.com/tag/birth-certificate/
Border Protection,3,Border Protection,border protection,1,https://platform.keesingtechnologies.com/tag/border-protection/
bosnia and herzegovina,3,bosnia and herzegovina,bosnia and herzegovina,1,https://platform.keesingtechnologies.com/tag/bosnia-and-herzegovina/
breeder documents,3,breeder documents,breeder document,1,https://platform.keesingtechnologies.com/tag/breeder-documents/
central bank,3,"central bank, Central Banks",central bank,2,"https://platform.keesingtechnologies.com/tag/central-bank/, https://platform.keesingtechnologies.com/tag/central-banks/"
Corona,3,Corona,corona,1,https://platform.keesingtechnologies.com/tag/corona/
Costa Rica,3,Costa Rica,costa rica,1,https://platform.keesingtechnologies.com/tag/costa-rica/
Cyber Resilience,3,Cyber Resilience,cyber resilience,1,https://platform.keesingtechnologies.com/tag/cyber-resilience/
De La Rue,3,De La Rue,de la rue,1,https://platform.keesingtechnologies.com/tag/de-la-rue/
DHS,3,DHS,dhs,1,https://platform.keesingtechnologies.com/tag/dhs/
Dinar,3,"Dinar, dinars",dinar,2,"https://platform.keesingtechnologies.com/tag/dinar/, https://platform.keesingtechnologies.com/tag/dinars/"
document authentication,3,document authentication,document authentication,1,https://platform.keesingtechnologies.com/tag/document-authentication/
Driver licenses,3,"driver license, Driver licenses",driver license,2,"https://platform.keesingtechnologies.com/tag/driver-license/, https://platform.keesingtechnologies.com/tag/driver-licenses/"
driving license,3,driving license,driving license,1,https://platform.keesingtechnologies.com/tag/driving-license/
eID card,3,eID card,eid card,1,https://platform.keesingtechnologies.com/tag/eid-card/
electronic documents,3,electronic documents,electronic document,1,https://platform.keesingtechnologies.com/tag/electronic-documents/
Electronic ID card,3,Electronic ID card,electronic id card,1,https://platform.keesingtechnologies.com/tag/electronic-id-card/
embed,3,embed,embed,1,https://platform.keesingtechnologies.com/tag/embed/
Encryption,3,Encryption,encryption,1,https://platform.keesingtechnologies.com/tag/encryption/
Europol,3,Europol,europol,1,https://platform.keesingtechnologies.com/tag/europol/
eVisa,3,eVisa,evisa,1,https://platform.keesingtechnologies.com/tag/evisa/
historic passport,3,historic passport,historic passport,1,https://platform.keesingtechnologies.com/tag/historic-passport/
Honduras,3,Honduras,hondura,1,https://platform.keesingtechnologies.com/tag/honduras/
hybrid,3,hybrid,hybrid,1,https://platform.keesingtechnologies.com/tag/hybrid/
Iceland,3,Iceland,iceland,1,https://platform.keesingtechnologies.com/tag/iceland/
Israel,3,Israel,israel,1,https://platform.keesingtechnologies.com/tag/israel/
IT,3,IT,it,1,https://platform.keesingtechnologies.com/tag/it/
IT security,3,IT security,it security,1,https://platform.keesingtechnologies.com/tag/it-security/
Kenya,3,Kenya,kenya,1,https://platform.keesingtechnologies.com/tag/kenya/
King Charles,3,King Charles,king charle,1,https://platform.keesingtechnologies.com/tag/king-charles/
Kyrgyzstan,3,Kyrgyzstan,kyrgyzstan,1,https://platform.keesingtechnologies.com/tag/kyrgyzstan/
Latvia,3,Latvia,latvia,1,https://platform.keesingtechnologies.com/tag/latvia/
layered security,3,layered security,layered security,1,https://platform.keesingtechnologies.com/tag/layered-security/
Lebanon,3,Lebanon,lebanon,1,https://platform.keesingtechnologies.com/tag/lebanon/
Libya,3,Libya,libya,1,https://platform.keesingtechnologies.com/tag/libya/
Macau,3,Macau,macau,1,https://platform.keesingtechnologies.com/tag/macau/
mobile biometrics,3,mobile biometrics,mobile biometric,1,https://platform.keesingtechnologies.com/tag/mobile-biometrics/
Morocco,3,Morocco,morocco,1,https://platform.keesingtechnologies.com/tag/morocco/
Myanmar,3,Myanmar,myanmar,1,https://platform.keesingtechnologies.com/tag/myanmar/
Nepal,3,Nepal,nepal,1,https://platform.keesingtechnologies.com/tag/nepal/
Netherlands,3,Netherlands,netherland,1,https://platform.keesingtechnologies.com/tag/netherlands/
Oklahoma,3,Oklahoma,oklahoma,1,https://platform.keesingtechnologies.com/tag/oklahoma/
olympics,3,"Olympic, olympics",olympic,2,"https://platform.keesingtechnologies.com/tag/olympic/, https://platform.keesingtechnologies.com/tag/olympics/"
optical features,3,optical features,optical feature,1,https://platform.keesingtechnologies.com/tag/optical-features/
OVD,3,OVD,ovd,1,https://platform.keesingtechnologies.com/tag/ovd/
passport-free,3,passport-free,passport free,1,https://platform.keesingtechnologies.com/tag/passport-free/
personal identification,3,personal identification,personal identification,1,https://platform.keesingtechnologies.com/tag/personal-identification/
personalisation,3,personalisation,personalisation,1,https://platform.keesingtechnologies.com/tag/personalisation/
PhilSys,3,PhilSys,philsy,1,https://platform.keesingtechnologies.com/tag/philsys/
Plastic,3,Plastic,plastic,1,https://platform.keesingtechnologies.com/tag/plastic/
privacy,3,privacy,privacy,1,https://platform.keesingtechnologies.com/tag/privacy/
Retinal recognition,3,Retinal recognition,retinal recognition,1,https://platform.keesingtechnologies.com/tag/retinal-recognition/
RFID chip,3,RFID chip,rfid chip,1,https://platform.keesingtechnologies.com/tag/rfid-chip/
rial,3,rial,rial,1,https://platform.keesingtechnologies.com/tag/rial/
Romania,3,Romania,romania,1,https://platform.keesingtechnologies.com/tag/romania/
rupee,3,"rupee, rupees",rupee,2,"https://platform.keesingtechnologies.com/tag/rupee/, https://platform.keesingtechnologies.com/tag/rupees/"
Samoa,3,Samoa,samoa,1,https://platform.keesingtechnologies.com/tag/samoa/
Secure Identity Alliance,3,Secure Identity Alliance,secure identity alliance,1,https://platform.keesingtechnologies.com/tag/secure-identity-alliance/
SolarWinds,3,SolarWinds,solarwind,1,https://platform.keesingtechnologies.com/tag/solarwinds/
South Korea,3,South Korea,south korea,1,https://platform.keesingtechnologies.com/tag/south-korea/
Tactile features,3,Tactile features,tactile feature,1,https://platform.keesingtechnologies.com/tag/tactile-features/
Terrorism,3,Terrorism,terrorism,1,https://platform.keesingtechnologies.com/tag/terrorism/
The Netherlands,3,The Netherlands,the netherland,1,https://platform.keesingtechnologies.com/tag/the-netherlands/
TSA,3,TSA,tsa,1,https://platform.keesingtechnologies.com/tag/tsa/
validity,3,validity,validity,1,https://platform.keesingtechnologies.com/tag/validity/
Visa Waiver Program,3,Visa Waiver Program,visa waiver program,1,https://platform.keesingtechnologies.com/tag/visa-waiver-program/
advanced AI models,2,advanced AI models,advanced ai model,1,https://platform.keesingtechnologies.com/tag/advanced-ai-models/
Advanced Generative AI,2,Advanced Generative AI,advanced generative ai,1,https://platform.keesingtechnologies.com/tag/advanced-generative-ai/
AI,2,AI,ai,1,https://platform.keesingtechnologies.com/tag/ai/
Anti-Counterfeit,2,Anti-Counterfeit,anti counterfeit,1,https://platform.keesingtechnologies.com/tag/anti-counterfeit/
anti-counterfeiting,2,anti-counterfeiting,anti counterfeiting,1,https://platform.keesingtechnologies.com/tag/anti-counterfeiting/
anti-counterfeiting solutions,2,anti-counterfeiting solutions,anti counterfeiting solution,1,https://platform.keesingtechnologies.com/tag/anti-counterfeiting-solutions/
API,2,API,api,1,https://platform.keesingtechnologies.com/tag/api/
App,2,App,app,1,https://platform.keesingtechnologies.com/tag/app/
apps,2,apps,apps,1,https://platform.keesingtechnologies.com/tag/apps/
Artwork,2,Artwork,artwork,1,https://platform.keesingtechnologies.com/tag/artwork/
Authentication Tool,2,Authentication Tool,authentication tool,1,https://platform.keesingtechnologies.com/tag/authentication-tool/
automated border control,2,automated border control,automated border control,1,https://platform.keesingtechnologies.com/tag/automated-border-control/
Aviation,2,Aviation,aviation,1,https://platform.keesingtechnologies.com/tag/aviation/
Aviation security,2,Aviation security,aviation security,1,https://platform.keesingtechnologies.com/tag/aviation-security/
Bahrain,2,Bahrain,bahrain,1,https://platform.keesingtechnologies.com/tag/bahrain/
Bank of England,2,Bank of England,bank of england,1,https://platform.keesingtechnologies.com/tag/bank-of-england/
Banking Industry,2,Banking Industry,banking industry,1,https://platform.keesingtechnologies.com/tag/banking-industry/
banknote security,2,banknote security,banknote security,1,https://platform.keesingtechnologies.com/tag/banknote-security/
barcode,2,barcode,barcode,1,https://platform.keesingtechnologies.com/tag/barcode/
Belize,2,Belize,belize,1,https://platform.keesingtechnologies.com/tag/belize/
Bhutan,2,Bhutan,bhutan,1,https://platform.keesingtechnologies.com/tag/bhutan/
bill,2,"bill, bills",bill,2,"https://platform.keesingtechnologies.com/tag/bill/, https://platform.keesingtechnologies.com/tag/bills/"
biometric authentication,2,biometric authentication,biometric authentication,1,https://platform.keesingtechnologies.com/tag/biometric-authentication/
biometric passports,2,biometric passports,biometric passport,1,https://platform.keesingtechnologies.com/tag/biometric-passports/
blockchain,2,blockchain,blockchain,1,https://platform.keesingtechnologies.com/tag/blockchain/
Bolivia,2,Bolivia,bolivia,1,https://platform.keesingtechnologies.com/tag/bolivia/
border management,2,border management,border management,1,https://platform.keesingtechnologies.com/tag/border-management/
British Columbia,2,British Columbia,british columbia,1,https://platform.keesingtechnologies.com/tag/british-columbia/
California Consumer Privacy Act,2,California Consumer Privacy Act,california consumer privacy act,1,https://platform.keesingtechnologies.com/tag/california-consumer-privacy-act/
card,2,"card, cards",card,2,"https://platform.keesingtechnologies.com/tag/card/, https://platform.keesingtechnologies.com/tag/cards/"
Caribbean Islands,2,Caribbean Islands,caribbean island,1,https://platform.keesingtechnologies.com/tag/caribbean-islands/
CCPA,2,CCPA,ccpa,1,https://platform.keesingtechnologies.com/tag/ccpa/
cctv,2,cctv,cctv,1,https://platform.keesingtechnologies.com/tag/cctv/
chip,2,chip,chip,1,https://platform.keesingtechnologies.com/tag/chip/
Christine Lagarde,2,Christine Lagarde,christine lagarde,1,https://platform.keesingtechnologies.com/tag/christine-lagarde/
Cloud-Based Platform,2,Cloud-Based Platform,cloud based platform,1,https://platform.keesingtechnologies.com/tag/cloud-based-platform/
COINS,2,COINS,coin,1,https://platform.keesingtechnologies.com/tag/coins/
color,2,"color, colors",color,2,"https://platform.keesingtechnologies.com/tag/color/, https://platform.keesingtechnologies.com/tag/colors/"
Colour,2,Colour,colour,1,https://platform.keesingtechnologies.com/tag/colour/
commemorative,2,commemorative,commemorative,1,https://platform.keesingtechnologies.com/tag/commemorative/
cuba,2,cuba,cuba,1,https://platform.keesingtechnologies.com/tag/cuba/
currencies,2,currencies,currencie,1,https://platform.keesingtechnologies.com/tag/currencies/
Cyber Threat,2,"Cyber Threat, cyber threats",cyber threat,2,"https://platform.keesingtechnologies.com/tag/cyber-threat/, https://platform.keesingtechnologies.com/tag/cyber-threats/"
Cyber Warfare,2,Cyber Warfare,cyber warfare,1,https://platform.keesingtechnologies.com/tag/cyber-warfare/
Cybersecurity Insurance,2,Cybersecurity Insurance,cybersecurity insurance,1,https://platform.keesingtechnologies.com/tag/cybersecurity-insurance/
Data Privacy Laws,2,Data Privacy Laws,data privacy laws,1,https://platform.keesingtechnologies.com/tag/data-privacy-laws/
Data Protection,2,Data Protection,data protection,1,https://platform.keesingtechnologies.com/tag/data-protection/
Data Security Standard,2,Data Security Standard,data security standard,1,https://platform.keesingtechnologies.com/tag/data-security-standard/
deepfake,2,deepfake,deepfake,1,https://platform.keesingtechnologies.com/tag/deepfake/
Denomination,2,"Denomination, denominations",denomination,2,"https://platform.keesingtechnologies.com/tag/denomination/, https://platform.keesingtechnologies.com/tag/denominations/"
Digital ID System,2,"Digital ID System, digital ID systems",digital id system,2,"https://platform.keesingtechnologies.com/tag/digital-id-system/, https://platform.keesingtechnologies.com/tag/digital-id-systems/"
Digital Travel Credential,2,Digital Travel Credential,digital travel credential,1,https://platform.keesingtechnologies.com/tag/digital-travel-credential/
document design,2,document design,document design,1,https://platform.keesingtechnologies.com/tag/document-design/
document fraud,2,document fraud,document fraud,1,https://platform.keesingtechnologies.com/tag/document-fraud/
document verification,2,document verification,document verification,1,https://platform.keesingtechnologies.com/tag/document-verification/
DOD,2,DOD,dod,1,https://platform.keesingtechnologies.com/tag/dod/
Domain Name System,2,Domain Name System,domain name system,1,https://platform.keesingtechnologies.com/tag/domain-name-system/
Dominica,2,Dominica,dominica,1,https://platform.keesingtechnologies.com/tag/dominica/
Donbas,2,Donbas,donba,1,https://platform.keesingtechnologies.com/tag/donbas/
dual citizenship,2,dual citizenship,dual citizenship,1,https://platform.keesingtechnologies.com/tag/dual-citizenship/
e-mrtds,2,e-mrtds,e mrtd,1,https://platform.keesingtechnologies.com/tag/e-mrtds/
E.U.,2,E.U.,e.u.,1,https://platform.keesingtechnologies.com/tag/e-u/
ECB,2,ECB,ecb,1,https://platform.keesingtechnologies.com/tag/ecb/
electronic passport,2,electronic passport,electronic passport,1,https://platform.keesingtechnologies.com/tag/electronic-passport/
Emmanuel Macron,2,Emmanuel Macron,emmanuel macron,1,https://platform.keesingtechnologies.com/tag/emmanuel-macron/
Environment,2,Environment,environment,1,https://platform.keesingtechnologies.com/tag/environment/
event 2024,2,event 2024,event 2024,1,https://platform.keesingtechnologies.com/tag/event-2024/
event 2025,2,event 2025,event 2025,1,https://platform.keesingtechnologies.com/tag/event-2025/
extension,2,extension,extension,1,https://platform.keesingtechnologies.com/tag/extension/
facial biometrics,2,facial biometrics,facial biometric,1,https://platform.keesingtechnologies.com/tag/facial-biometrics/
Falkland Islands,2,Falkland Islands,falkland island,1,https://platform.keesingtechnologies.com/tag/falkland-islands/
FBI,2,FBI,fbi,1,https://platform.keesingtechnologies.com/tag/fbi/
Fee,2,Fee,fee,1,https://platform.keesingtechnologies.com/tag/fee/
Females,2,Females,female,1,https://platform.keesingtechnologies.com/tag/females/
FIDO protocol,2,FIDO protocol,fido protocol,1,https://platform.keesingtechnologies.com/tag/fido-protocol/
forensic,2,"forensic, forensics",forensic,2,"https://platform.keesingtechnologies.com/tag/forensic/, https://platform.keesingtechnologies.com/tag/forensics/"
Fractional Information Security Officer,2,Fractional Information Security Officer,fractional information security officer,1,https://platform.keesingtechnologies.com/tag/fractional-information-security-officer/
franc,2,franc,franc,1,https://platform.keesingtechnologies.com/tag/franc/
free,2,free,free,1,https://platform.keesingtechnologies.com/tag/free/
geometry,2,geometry,geometry,1,https://platform.keesingtechnologies.com/tag/geometry/
Georgia,2,Georgia,georgia,1,https://platform.keesingtechnologies.com/tag/georgia/
Google Assistant,2,Google Assistant,google assistant,1,https://platform.keesingtechnologies.com/tag/google-assistant/
Green cards,2,Green cards,green card,1,https://platform.keesingtechnologies.com/tag/green-cards/
Grenada,2,Grenada,grenada,1,https://platform.keesingtechnologies.com/tag/grenada/
Harriet Tubman,2,Harriet Tubman,harriet tubman,1,https://platform.keesingtechnologies.com/tag/harriet-tubman/
health passport,2,health passport,health passport,1,https://platform.keesingtechnologies.com/tag/health-passport/
HID,2,HID,hid,1,https://platform.keesingtechnologies.com/tag/hid/
Hryvnia,2,"Hryvnia, hryvnias",hryvnia,2,"https://platform.keesingtechnologies.com/tag/hryvnia/, https://platform.keesingtechnologies.com/tag/hryvnias/"
hyperinflation,2,hyperinflation,hyperinflation,1,https://platform.keesingtechnologies.com/tag/hyperinflation/
IDdocuments,2,IDdocuments,iddocument,1,https://platform.keesingtechnologies.com/tag/iddocuments/
IDEMIA,2,IDEMIA,idemia,1,https://platform.keesingtechnologies.com/tag/idemia/
Identification Card,2,Identification Card,identification card,1,https://platform.keesingtechnologies.com/tag/identification-card/
identity checks,2,identity checks,identity check,1,https://platform.keesingtechnologies.com/tag/identity-checks/
infographic,2,infographic,infographic,1,https://platform.keesingtechnologies.com/tag/infographic/
information,2,information,information,1,https://platform.keesingtechnologies.com/tag/information/
infrared,2,infrared,infrared,1,https://platform.keesingtechnologies.com/tag/infrared/
ink,2,ink,ink,1,https://platform.keesingtechnologies.com/tag/ink/
innovation,2,innovation,innovation,1,https://platform.keesingtechnologies.com/tag/innovation/
International Organization for Migration,2,International Organization for Migration,international organization for migration,1,https://platform.keesingtechnologies.com/tag/international-organization-for-migration/
international travel,2,international travel,international travel,1,https://platform.keesingtechnologies.com/tag/international-travel/
IQ Structures,2,IQ Structures,iq structure,1,https://platform.keesingtechnologies.com/tag/iq-structures/
ir,2,ir,ir,1,https://platform.keesingtechnologies.com/tag/ir/
IT infrastructure,2,IT infrastructure,it infrastructure,1,https://platform.keesingtechnologies.com/tag/it-infrastructure/
Jordan,2,Jordan,jordan,1,https://platform.keesingtechnologies.com/tag/jordan/
keystroke recognition technology,2,keystroke recognition technology,keystroke recognition technology,1,https://platform.keesingtechnologies.com/tag/keystroke-recognition-technology/
Kosovo,2,Kosovo,kosovo,1,https://platform.keesingtechnologies.com/tag/kosovo/
Krone,2,Krone,krone,1,https://platform.keesingtechnologies.com/tag/krone/
laser engraving,2,laser engraving,laser engraving,1,https://platform.keesingtechnologies.com/tag/laser-engraving/
law enforcement,2,law enforcement,law enforcement,1,https://platform.keesingtechnologies.com/tag/law-enforcement/
Libra,2,Libra,libra,1,https://platform.keesingtechnologies.com/tag/libra/
Machine Learning,2,Machine Learning,machine learning,1,https://platform.keesingtechnologies.com/tag/machine-learning/
Malawi,2,Malawi,malawi,1,https://platform.keesingtechnologies.com/tag/malawi/
Managed Service Provider,2,Managed Service Provider,managed service provider,1,https://platform.keesingtechnologies.com/tag/managed-service-provider/
Mauritania,2,Mauritania,mauritania,1,https://platform.keesingtechnologies.com/tag/mauritania/
mDL's,2,mDL's,mdl',1,https://platform.keesingtechnologies.com/tag/mdls/
MIRAGE™,2,MIRAGE™,mirage™,1,https://platform.keesingtechnologies.com/tag/mirage/
mobile app,2,mobile app,mobile app,1,https://platform.keesingtechnologies.com/tag/mobile-app/
Mobile ID,2,Mobile ID,mobile id,1,https://platform.keesingtechnologies.com/tag/mobile-id/
money,2,money,money,1,https://platform.keesingtechnologies.com/tag/money/
Mongolia,2,Mongolia,mongolia,1,https://platform.keesingtechnologies.com/tag/mongolia/
Montenegro,2,Montenegro,montenegro,1,https://platform.keesingtechnologies.com/tag/montenegro/
MRPs,2,MRPs,mrps,1,https://platform.keesingtechnologies.com/tag/mrps/
MRTD,2,"MRTD, MRTDs",mrtd,2,"https://platform.keesingtechnologies.com/tag/mrtd/, https://platform.keesingtechnologies.com/tag/mrtds/"
MRZ,2,MRZ,mrz,1,https://platform.keesingtechnologies.com/tag/mrz/
Nebraska,2,Nebraska,nebraska,1,https://platform.keesingtechnologies.com/tag/nebraska/
New York,2,New York,new york,1,https://platform.keesingtechnologies.com/tag/new-york/
New Zealand,2,New Zealand,new zealand,1,https://platform.keesingtechnologies.com/tag/new-zealand/
Northern Ireland,2,Northern Ireland,northern ireland,1,https://platform.keesingtechnologies.com/tag/northern-ireland/
online,2,online,online,1,https://platform.keesingtechnologies.com/tag/online/
Optical Security Technologies,2,Optical Security Technologies,optical security technologie,1,https://platform.keesingtechnologies.com/tag/optical-security-technologies/
optical technologies,2,optical technologies,optical technologie,1,https://platform.keesingtechnologies.com/tag/optical-technologies/
palm veins,2,palm veins,palm vein,1,https://platform.keesingtechnologies.com/tag/palm-veins/
passport control,2,passport control,passport control,1,https://platform.keesingtechnologies.com/tag/passport-control/
PCS DSS,2,PCS DSS,pcs dss,1,https://platform.keesingtechnologies.com/tag/pcs-dss/
Penetration Test,2,Penetration Test,penetration test,1,https://platform.keesingtechnologies.com/tag/penetration-test/
Personal Identifiable Information,2,Personal Identifiable Information,personal identifiable information,1,https://platform.keesingtechnologies.com/tag/personal-identifiable-information/
photo,2,photo,photo,1,https://platform.keesingtechnologies.com/tag/photo/
Political Campaigns,2,Political Campaigns,political campaign,1,https://platform.keesingtechnologies.com/tag/political-campaigns/
Portugal,2,Portugal,portugal,1,https://platform.keesingtechnologies.com/tag/portugal/
Qatar,2,Qatar,qatar,1,https://platform.keesingtechnologies.com/tag/qatar/
queen,2,queen,queen,1,https://platform.keesingtechnologies.com/tag/queen/
RFID,2,RFID,rfid,1,https://platform.keesingtechnologies.com/tag/rfid/
Rugby,2,Rugby,rugby,1,https://platform.keesingtechnologies.com/tag/rugby/
Saka,2,Saka,saka,1,https://platform.keesingtechnologies.com/tag/saka/
Saturation Effects,2,Saturation Effects,saturation effect,1,https://platform.keesingtechnologies.com/tag/saturation-effects/
Secure Coding,2,Secure Coding,secure coding,1,https://platform.keesingtechnologies.com/tag/secure-coding/
secure document,2,"secure document, secure documents",secure document,2,"https://platform.keesingtechnologies.com/tag/secure-document/, https://platform.keesingtechnologies.com/tag/secure-documents/"
serial number,2,serial number,serial number,1,https://platform.keesingtechnologies.com/tag/serial-number/
Signature Recognition,2,Signature Recognition,signature recognition,1,https://platform.keesingtechnologies.com/tag/signature-recognition/
Siri,2,Siri,siri,1,https://platform.keesingtechnologies.com/tag/siri/
Smart Home,2,Smart Home,smart home,1,https://platform.keesingtechnologies.com/tag/smart-home/
smart id card,2,"smart id card, Smart ID Cards",smart id card,2,"https://platform.keesingtechnologies.com/tag/smart-id-card/, https://platform.keesingtechnologies.com/tag/smart-id-cards/"
smartphone security,2,smartphone security,smartphone security,1,https://platform.keesingtechnologies.com/tag/smartphone-security/
Smuggling,2,Smuggling,smuggling,1,https://platform.keesingtechnologies.com/tag/smuggling/
soles,2,soles,sole,1,https://platform.keesingtechnologies.com/tag/soles/
solomon islands,2,solomon islands,solomon island,1,https://platform.keesingtechnologies.com/tag/solomon-islands/
South Sudan,2,South Sudan,south sudan,1,https://platform.keesingtechnologies.com/tag/south-sudan/
Sri Lanka,2,Sri Lanka,sri lanka,1,https://platform.keesingtechnologies.com/tag/sri-lanka/
Swiss,2,Swiss,swiss,1,https://platform.keesingtechnologies.com/tag/swiss/
Tala,2,Tala,tala,1,https://platform.keesingtechnologies.com/tag/tala/
Tanzania,2,Tanzania,tanzania,1,https://platform.keesingtechnologies.com/tag/tanzania/
Texas,2,Texas,texa,1,https://platform.keesingtechnologies.com/tag/texas/
The Reserve Bank of Zimbabwe,2,The Reserve Bank of Zimbabwe,the reserve bank of zimbabwe,1,https://platform.keesingtechnologies.com/tag/the-reserve-bank-of-zimbabwe/
Tonga,2,Tonga,tonga,1,https://platform.keesingtechnologies.com/tag/tonga/
tourist visa,2,tourist visa,tourist visa,1,https://platform.keesingtechnologies.com/tag/tourist-visa/
travel document security,2,travel document security,travel document security,1,https://platform.keesingtechnologies.com/tag/travel-document-security/
Tunisia,2,Tunisia,tunisia,1,https://platform.keesingtechnologies.com/tag/tunisia/
U.S. Customs,2,U.S. Customs,u.s. custom,1,https://platform.keesingtechnologies.com/tag/u-s-customs/
UK Government,2,UK Government,uk government,1,https://platform.keesingtechnologies.com/tag/uk-government/
united nations,2,united nations,united nation,1,https://platform.keesingtechnologies.com/tag/united-nations/
US,2,US,us,1,https://platform.keesingtechnologies.com/tag/us/
UV,2,UV,uv,1,https://platform.keesingtechnologies.com/tag/uv/
vaccine,2,vaccine,vaccine,1,https://platform.keesingtechnologies.com/tag/vaccine/
vCCO,2,vCCO,vcco,1,https://platform.keesingtechnologies.com/tag/vcco/
Vein Pattern Recognition,2,Vein Pattern Recognition,vein pattern recognition,1,https://platform.keesingtechnologies.com/tag/vein-pattern-recognition/
VeriFLY,2,VeriFLY,verifly,1,https://platform.keesingtechnologies.com/tag/verifly/
Virtual Chief Compliance Officer,2,Virtual Chief Compliance Officer,virtual chief compliance officer,1,https://platform.keesingtechnologies.com/tag/virtual-chief-compliance-officer/
Virtual Personal Assistants,2,Virtual Personal Assistants,virtual personal assistant,1,https://platform.keesingtechnologies.com/tag/virtual-personal-assistants/
voice recognition,2,voice recognition,voice recognition,1,https://platform.keesingtechnologies.com/tag/voice-recognition/
Vulnerability Assessment,2,"Vulnerability Assessment, Vulnerability Assessments",vulnerability assessment,2,"https://platform.keesingtechnologies.com/tag/vulnerability-assessment/, https://platform.keesingtechnologies.com/tag/vulnerability-assessments/"
100 Trillion,1,100 Trillion,100 trillion,1,https://platform.keesingtechnologies.com/tag/100-trillion/
1000 krone,1,1000 krone,1000 krone,1,https://platform.keesingtechnologies.com/tag/1000-krone/
1account,1,1account,1account,1,https://platform.keesingtechnologies.com/tag/1account/
1Kosmos,1,1Kosmos,1kosmo,1,https://platform.keesingtechnologies.com/tag/1kosmos/
20 leva,1,20 leva,20 leva,1,https://platform.keesingtechnologies.com/tag/20-leva/
200 escudo,1,200 escudo,200 escudo,1,https://platform.keesingtechnologies.com/tag/200-escudo/
200 hryvinia,1,200 hryvinia,200 hryvinia,1,https://platform.keesingtechnologies.com/tag/200-hryvinia/
2020,1,2020,2020,1,https://platform.keesingtechnologies.com/tag/2020/
3D vs 2D,1,3D vs 2D,3d vs 2d,1,https://platform.keesingtechnologies.com/tag/3d-vs-2d/
ABC-gates,1,ABC-gates,abc gate,1,https://platform.keesingtechnologies.com/tag/abc-gates/
ABIS,1,ABIS,abis,1,https://platform.keesingtechnologies.com/tag/abis/
ACBC,1,ACBC,acbc,1,https://platform.keesingtechnologies.com/tag/acbc/
Accessibility barriers,1,Accessibility barriers,accessibility barrier,1,https://platform.keesingtechnologies.com/tag/accessibility-barriers/
advanced banknote design,1,advanced banknote design,advanced banknote design,1,https://platform.keesingtechnologies.com/tag/advanced-banknote-design/
Afghanistan,1,Afghanistan,afghanistan,1,https://platform.keesingtechnologies.com/tag/afghanistan/
AFIS,1,AFIS,afis,1,https://platform.keesingtechnologies.com/tag/afis/
African Capacity Building Centre,1,African Capacity Building Centre,african capacity building centre,1,https://platform.keesingtechnologies.com/tag/african-capacity-building-centre/
agreement,1,agreement,agreement,1,https://platform.keesingtechnologies.com/tag/agreement/
AI Algorithms,1,AI Algorithms,ai algorithm,1,https://platform.keesingtechnologies.com/tag/ai-algorithms/
AI applications,1,AI applications,ai application,1,https://platform.keesingtechnologies.com/tag/ai-applications/
AI automation,1,AI automation,ai automation,1,https://platform.keesingtechnologies.com/tag/ai-automation/
AI-powered security,1,AI-powered security,ai powered security,1,https://platform.keesingtechnologies.com/tag/ai-powered-security/
airport,1,airport,airport,1,https://platform.keesingtechnologies.com/tag/airport/
Airport security,1,Airport security,airport security,1,https://platform.keesingtechnologies.com/tag/airport-security/
Alan Turing,1,Alan Turing,alan turing,1,https://platform.keesingtechnologies.com/tag/alan-turing/
Alaska,1,Alaska,alaska,1,https://platform.keesingtechnologies.com/tag/alaska/
America,1,America,america,1,https://platform.keesingtechnologies.com/tag/america/
amorphousness,1,amorphousness,amorphousness,1,https://platform.keesingtechnologies.com/tag/amorphousness/
analytics,1,analytics,analytic,1,https://platform.keesingtechnologies.com/tag/analytics/
Anniversary Banknote,1,Anniversary Banknote,anniversary banknote,1,https://platform.keesingtechnologies.com/tag/anniversary-banknote/
anti-counterfeit technologies,1,anti-counterfeit technologies,anti counterfeit technologie,1,https://platform.keesingtechnologies.com/tag/anti-counterfeit-technologies/
anti-counterfeiting technologies,1,anti-counterfeiting technologies,anti counterfeiting technologie,1,https://platform.keesingtechnologies.com/tag/anti-counterfeiting-technologies/
APC,1,APC,apc,1,https://platform.keesingtechnologies.com/tag/apc/
App Developers,1,App Developers,app developer,1,https://platform.keesingtechnologies.com/tag/app-developers/
Apple,1,Apple,apple,1,https://platform.keesingtechnologies.com/tag/apple/
apple pay,1,apple pay,apple pay,1,https://platform.keesingtechnologies.com/tag/apple-pay/
application,1,application,application,1,https://platform.keesingtechnologies.com/tag/application/
arabic,1,arabic,arabic,1,https://platform.keesingtechnologies.com/tag/arabic/
Arizona,1,Arizona,arizona,1,https://platform.keesingtechnologies.com/tag/arizona/
Armed Forces Veteran Card,1,Armed Forces Veteran Card,armed force veteran card,1,https://platform.keesingtechnologies.com/tag/armed-forces-veteran-card/
art,1,art,art,1,https://platform.keesingtechnologies.com/tag/art/
Arthur Henderson,1,Arthur Henderson,arthur henderson,1,https://platform.keesingtechnologies.com/tag/arthur-henderson/
Asia,1,Asia,asia,1,https://platform.keesingtechnologies.com/tag/asia/
attributes,1,attributes,attribute,1,https://platform.keesingtechnologies.com/tag/attributes/
ATU,1,ATU,atu,1,https://platform.keesingtechnologies.com/tag/atu/
automated passport control,1,automated passport control,automated passport control,1,https://platform.keesingtechnologies.com/tag/automated-passport-control/
bacteria,1,bacteria,bacteria,1,https://platform.keesingtechnologies.com/tag/bacteria/
Baha'i,1,Baha'i,baha'i,1,https://platform.keesingtechnologies.com/tag/bahai/
baht,1,baht,baht,1,https://platform.keesingtechnologies.com/tag/baht/
bank payments,1,bank payments,bank payment,1,https://platform.keesingtechnologies.com/tag/bank-payments/
bank technology,1,bank technology,bank technology,1,https://platform.keesingtechnologies.com/tag/bank-technology/
BankID,1,BankID,bankid,1,https://platform.keesingtechnologies.com/tag/bankid/
banknoe,1,banknoe,banknoe,1,https://platform.keesingtechnologies.com/tag/banknoe/
Banknote of the Year Awards,1,Banknote of the Year Awards,banknote of the year award,1,https://platform.keesingtechnologies.com/tag/banknote-of-the-year-awards/
Banknotes/Banknote,1,Banknotes/Banknote,banknote banknote,1,https://platform.keesingtechnologies.com/tag/banknotes-banknote/
bankotes,1,"bankote, bankotes",bankote,2,"https://platform.keesingtechnologies.com/tag/bankote/, https://platform.keesingtechnologies.com/tag/bankotes/"
Barbados,1,Barbados,barbado,1,https://platform.keesingtechnologies.com/tag/barbados/
battlefield anonimity,1,battlefield anonimity,battlefield anonimity,1,https://platform.keesingtechnologies.com/tag/battlefield-anonimity/
battlefield forensics,1,battlefield forensics,battlefield forensic,1,https://platform.keesingtechnologies.com/tag/battlefield-forensics/
BCC,1,BCC,bcc,1,https://platform.keesingtechnologies.com/tag/bcc/
benefits,1,benefits,benefit,1,https://platform.keesingtechnologies.com/tag/benefits/
Bertha Isabel Caceras Flores,1,Bertha Isabel Caceras Flores,bertha isabel cacera flore,1,https://platform.keesingtechnologies.com/tag/bertha-isabel-caceras-flores/
Bi-luminescent,1,Bi-luminescent,bi luminescent,1,https://platform.keesingtechnologies.com/tag/bi-luminescent/
big data,1,big data,big data,1,https://platform.keesingtechnologies.com/tag/big-data/
big data analytics methodology,1,big data analytics methodology,big data analytic methodology,1,https://platform.keesingtechnologies.com/tag/big-data-analytics-methodology/
big identity,1,big identity,big identity,1,https://platform.keesingtechnologies.com/tag/big-identity/
Biometric Algorithms,1,Biometric Algorithms,biometric algorithm,1,https://platform.keesingtechnologies.com/tag/biometric-algorithms/
biometric civil registries,1,biometric civil registries,biometric civil registrie,1,https://platform.keesingtechnologies.com/tag/biometric-civil-registries/
biometric constitution,1,biometric constitution,biometric constitution,1,https://platform.keesingtechnologies.com/tag/biometric-constitution/
Biometric Digital ID Project,1,Biometric Digital ID Project,biometric digital id project,1,https://platform.keesingtechnologies.com/tag/biometric-digital-id-project/
Biometric Exit,1,Biometric Exit,biometric exit,1,https://platform.keesingtechnologies.com/tag/biometric-exit/
biometric hardware,1,biometric hardware,biometric hardware,1,https://platform.keesingtechnologies.com/tag/biometric-hardware/
biometric offerings,1,biometric offerings,biometric offering,1,https://platform.keesingtechnologies.com/tag/biometric-offerings/
biometric products,1,biometric products,biometric product,1,https://platform.keesingtechnologies.com/tag/biometric-products/
biometric recognition,1,biometric recognition,biometric recognition,1,https://platform.keesingtechnologies.com/tag/biometric-recognition/
biometric system,1,biometric system,biometric system,1,https://platform.keesingtechnologies.com/tag/biometric-system/
Biometric Template Protection,1,Biometric Template Protection,biometric template protection,1,https://platform.keesingtechnologies.com/tag/biometric-template-protection/
biometric tools,1,biometric tools,biometric tool,1,https://platform.keesingtechnologies.com/tag/biometric-tools/
biometrics task force,1,biometrics task force,biometric task force,1,https://platform.keesingtechnologies.com/tag/biometrics-task-force/
biophotonic,1,biophotonic,biophotonic,1,https://platform.keesingtechnologies.com/tag/biophotonic/
biotmetric,1,biotmetric,biotmetric,1,https://platform.keesingtechnologies.com/tag/biotmetric/
Black Market,1,Black Market,black market,1,https://platform.keesingtechnologies.com/tag/black-market/
BlockID,1,BlockID,blockid,1,https://platform.keesingtechnologies.com/tag/blockid/
Bolivar,1,Bolivar,bolivar,1,https://platform.keesingtechnologies.com/tag/bolivar/
border,1,"border, borders",border,2,"https://platform.keesingtechnologies.com/tag/border/, https://platform.keesingtechnologies.com/tag/borders/"
border check systems,1,border check systems,border check system,1,https://platform.keesingtechnologies.com/tag/border-check-systems/
Border Guard,1,Border Guard,border guard,1,https://platform.keesingtechnologies.com/tag/border-guard/
Bosnia,1,Bosnia,bosnia,1,https://platform.keesingtechnologies.com/tag/bosnia/
Bosnia &amp; Herzegovina,1,Bosnia &amp; Herzegovina,bosnia &amp; herzegovina,1,https://platform.keesingtechnologies.com/tag/bosnia-herzegovina/
bots,1,bots,bots,1,https://platform.keesingtechnologies.com/tag/bots/
Botswana,1,Botswana,botswana,1,https://platform.keesingtechnologies.com/tag/botswana/
British Esports Association,1,British Esports Association,british esport association,1,https://platform.keesingtechnologies.com/tag/british-esports-association/
British Virgin Islands,1,British Virgin Islands,british virgin island,1,https://platform.keesingtechnologies.com/tag/british-virgin-islands/
Brunei,1,Brunei,brunei,1,https://platform.keesingtechnologies.com/tag/brunei/
BrutePrint exploits,1,BrutePrint exploits,bruteprint exploit,1,https://platform.keesingtechnologies.com/tag/bruteprint-exploits/
BTF,1,BTF,btf,1,https://platform.keesingtechnologies.com/tag/btf/
Budget,1,Budget,budget,1,https://platform.keesingtechnologies.com/tag/budget/
Burkina Faso,1,Burkina Faso,burkina faso,1,https://platform.keesingtechnologies.com/tag/burkina-faso/
Burundi,1,Burundi,burundi,1,https://platform.keesingtechnologies.com/tag/burundi/
butterfly effect,1,butterfly effect,butterfly effect,1,https://platform.keesingtechnologies.com/tag/butterfly-effect/
CA,1,CA,ca,1,https://platform.keesingtechnologies.com/tag/ca/
california,1,california,california,1,https://platform.keesingtechnologies.com/tag/california/
camera,1,camera,camera,1,https://platform.keesingtechnologies.com/tag/camera/
Cameroon,1,Cameroon,cameroon,1,https://platform.keesingtechnologies.com/tag/cameroon/
Cameroon biometric ID,1,Cameroon biometric ID,cameroon biometric id,1,https://platform.keesingtechnologies.com/tag/cameroon-biometric-id/
canada border services,1,canada border services,canada border service,1,https://platform.keesingtechnologies.com/tag/canada-border-services/
Cape Verde,1,Cape Verde,cape verde,1,https://platform.keesingtechnologies.com/tag/cape-verde/
carbon dioxide,1,carbon dioxide,carbon dioxide,1,https://platform.keesingtechnologies.com/tag/carbon-dioxide/
carbon foot print,1,carbon foot print,carbon foot print,1,https://platform.keesingtechnologies.com/tag/carbon-foot-print/
card substrate,1,card substrate,card substrate,1,https://platform.keesingtechnologies.com/tag/card-substrate/
Caribbean,1,Caribbean,caribbean,1,https://platform.keesingtechnologies.com/tag/caribbean/
Caribbean Guilder,1,Caribbean Guilder,caribbean guilder,1,https://platform.keesingtechnologies.com/tag/caribbean-guilder/
Caribbean Islands of Curacao and St. Maarten,1,Caribbean Islands of Curacao and St. Maarten,caribbean island of curacao and st. maarten,1,https://platform.keesingtechnologies.com/tag/caribbean-islands-of-curacao-and-st-maarten/
Cartoon,1,Cartoon,cartoon,1,https://platform.keesingtechnologies.com/tag/cartoon/
categories,1,categories,categorie,1,https://platform.keesingtechnologies.com/tag/categories/
Cayman Islands,1,Cayman Islands,cayman island,1,https://platform.keesingtechnologies.com/tag/cayman-islands/
Central African States,1,Central African States,central african state,1,https://platform.keesingtechnologies.com/tag/central-african-states/
Central Bank of the UAE,1,Central Bank of the UAE,central bank of the uae,1,https://platform.keesingtechnologies.com/tag/central-bank-of-the-uae/
central register,1,central register,central register,1,https://platform.keesingtechnologies.com/tag/central-register/
Certificate authority (CA),1,Certificate authority (CA),certificate authority (ca),1,https://platform.keesingtechnologies.com/tag/certificate-authority-ca/
ChatGPT,1,ChatGPT,chatgpt,1,https://platform.keesingtechnologies.com/tag/chatgpt/
Chief Information Security Officers,1,Chief Information Security Officers,chief information security officer,1,https://platform.keesingtechnologies.com/tag/chief-information-security-officers/
children,1,children,children,1,https://platform.keesingtechnologies.com/tag/children/
Chile,1,Chile,chile,1,https://platform.keesingtechnologies.com/tag/chile/
Chip Fraud,1,Chip Fraud,chip fraud,1,https://platform.keesingtechnologies.com/tag/chip-fraud/
Chip-based ID Card,1,Chip-based ID Card,chip based id card,1,https://platform.keesingtechnologies.com/tag/chip-based-id-card/
CHROMA,1,CHROMA,chroma,1,https://platform.keesingtechnologies.com/tag/chroma/
Chronic illness,1,Chronic illness,chronic illness,1,https://platform.keesingtechnologies.com/tag/chronic-illness/
cia,1,cia,cia,1,https://platform.keesingtechnologies.com/tag/cia/
CISO,1,CISO,ciso,1,https://platform.keesingtechnologies.com/tag/ciso/
Citizens,1,Citizens,citizen,1,https://platform.keesingtechnologies.com/tag/citizens/
Civil Card,1,Civil Card,civil card,1,https://platform.keesingtechnologies.com/tag/civil-card/
civil register,1,civil register,civil register,1,https://platform.keesingtechnologies.com/tag/civil-register/
Climate change,1,Climate change,climate change,1,https://platform.keesingtechnologies.com/tag/climate-change/
Clive Vacher,1,Clive Vacher,clive vacher,1,https://platform.keesingtechnologies.com/tag/clive-vacher/
cloud-base,1,cloud-base,cloud base,1,https://platform.keesingtechnologies.com/tag/cloud-base/
Coast Guard,1,Coast Guard,coast guard,1,https://platform.keesingtechnologies.com/tag/coast-guard/
Color-changing,1,Color-changing,color changing,1,https://platform.keesingtechnologies.com/tag/color-changing/
colour personalisation technologies,1,colour personalisation technologies,colour personalisation technologie,1,https://platform.keesingtechnologies.com/tag/colour-personalisation-technologies/
Colour-Shifting Features,1,Colour-Shifting Features,colour shifting feature,1,https://platform.keesingtechnologies.com/tag/colour-shifting-features/
commercial awards,1,commercial awards,commercial award,1,https://platform.keesingtechnologies.com/tag/commercial-awards/
Commonwealth of Dominica,1,Commonwealth of Dominica,commonwealth of dominica,1,https://platform.keesingtechnologies.com/tag/commonwealth-of-dominica/
communication technologies,1,communication technologies,communication technologie,1,https://platform.keesingtechnologies.com/tag/communication-technologies/
composite materials,1,composite materials,composite material,1,https://platform.keesingtechnologies.com/tag/composite-materials/
contactless,1,contactless,contactless,1,https://platform.keesingtechnologies.com/tag/contactless/
Contactless chip fraud,1,Contactless chip fraud,contactless chip fraud,1,https://platform.keesingtechnologies.com/tag/contactless-chip-fraud/
contest,1,contest,contest,1,https://platform.keesingtechnologies.com/tag/contest/
Counter terrorism,1,Counter terrorism,counter terrorism,1,https://platform.keesingtechnologies.com/tag/counter-terrorism/
Counterfeit Money,1,Counterfeit Money,counterfeit money,1,https://platform.keesingtechnologies.com/tag/counterfeit-money/
Covid Cards,1,Covid Cards,covid card,1,https://platform.keesingtechnologies.com/tag/covid-cards/
COVID Vaccine Status,1,COVID Vaccine Status,covid vaccine statu,1,https://platform.keesingtechnologies.com/tag/covid-vaccine-status/
CPU,1,CPU,cpu,1,https://platform.keesingtechnologies.com/tag/cpu/
Credential Theft,1,Credential Theft,credential theft,1,https://platform.keesingtechnologies.com/tag/credential-theft/
credentials,1,credentials,credential,1,https://platform.keesingtechnologies.com/tag/credentials/
Crimea,1,Crimea,crimea,1,https://platform.keesingtechnologies.com/tag/crimea/
CRISP Evolution,1,CRISP Evolution,crisp evolution,1,https://platform.keesingtechnologies.com/tag/crisp-evolution/
CRLs,1,CRLs,crls,1,https://platform.keesingtechnologies.com/tag/crls/
crossborder,1,crossborder,crossborder,1,https://platform.keesingtechnologies.com/tag/crossborder/
crypto,1,crypto,crypto,1,https://platform.keesingtechnologies.com/tag/crypto/
cryptographic attacks,1,cryptographic attacks,cryptographic attack,1,https://platform.keesingtechnologies.com/tag/cryptographic-attacks/
cryptographic operations,1,cryptographic operations,cryptographic operation,1,https://platform.keesingtechnologies.com/tag/cryptographic-operations/
cryptography standards,1,cryptography standards,cryptography standard,1,https://platform.keesingtechnologies.com/tag/cryptography-standards/
crystal,1,crystal,crystal,1,https://platform.keesingtechnologies.com/tag/crystal/
CSCA,1,CSCA,csca,1,https://platform.keesingtechnologies.com/tag/csca/
CSDB,1,CSDB,csdb,1,https://platform.keesingtechnologies.com/tag/csdb/
Curaçao,1,Curaçao,curaçao,1,https://platform.keesingtechnologies.com/tag/curacao/
Currency Symbol,1,Currency Symbol,currency symbol,1,https://platform.keesingtechnologies.com/tag/currency-symbol/
customs,1,customs,custom,1,https://platform.keesingtechnologies.com/tag/customs/
Cyber insurance,1,Cyber insurance,cyber insurance,1,https://platform.keesingtechnologies.com/tag/cyber-insurance/
Cyber Metrics,1,Cyber Metrics,cyber metric,1,https://platform.keesingtechnologies.com/tag/cyber-metrics/
cybermarket,1,cybermarket,cybermarket,1,https://platform.keesingtechnologies.com/tag/cybermarket/
cybersecurity risks,1,cybersecurity risks,cybersecurity risk,1,https://platform.keesingtechnologies.com/tag/cybersecurity-risks/
cybersecurity solutions,1,cybersecurity solutions,cybersecurity solution,1,https://platform.keesingtechnologies.com/tag/cybersecurity-solutions/
Cyberseurity,1,Cyberseurity,cyberseurity,1,https://platform.keesingtechnologies.com/tag/cyberseurity/
Cyberspace,1,Cyberspace,cyberspace,1,https://platform.keesingtechnologies.com/tag/cyberspace/
Czech,1,Czech,czech,1,https://platform.keesingtechnologies.com/tag/czech/
Czech Republi,1,Czech Republi,czech republi,1,https://platform.keesingtechnologies.com/tag/czech-republi/
DALL-E-2 algorithm,1,DALL-E-2 algorithm,dall e 2 algorithm,1,https://platform.keesingtechnologies.com/tag/dall-e-2-algorithm/
data,1,data,data,1,https://platform.keesingtechnologies.com/tag/data/
Data Breach,1,Data Breach,data breach,1,https://platform.keesingtechnologies.com/tag/data-breach/
data compilation,1,data compilation,data compilation,1,https://platform.keesingtechnologies.com/tag/data-compilation/
Data Leakages,1,Data Leakages,data leakage,1,https://platform.keesingtechnologies.com/tag/data-leakages/
data privacy,1,data privacy,data privacy,1,https://platform.keesingtechnologies.com/tag/data-privacy/
Data Security,1,Data Security,data security,1,https://platform.keesingtechnologies.com/tag/data-security/
data storage,1,data storage,data storage,1,https://platform.keesingtechnologies.com/tag/data-storage/
deep learning,1,deep learning,deep learning,1,https://platform.keesingtechnologies.com/tag/deep-learning/
deep web,1,deep web,deep web,1,https://platform.keesingtechnologies.com/tag/deep-web/
delarue,1,delarue,delarue,1,https://platform.keesingtechnologies.com/tag/delarue/
Dennis Gabor,1,Dennis Gabor,denni gabor,1,https://platform.keesingtechnologies.com/tag/dennis-gabor/
desig,1,desig,desig,1,https://platform.keesingtechnologies.com/tag/desig/
design banknotes,1,design banknotes,design banknote,1,https://platform.keesingtechnologies.com/tag/design-banknotes/
Deutsche Bank,1,Deutsche Bank,deutsche bank,1,https://platform.keesingtechnologies.com/tag/deutsche-bank/
Developers,1,Developers,developer,1,https://platform.keesingtechnologies.com/tag/developers/
development,1,development,development,1,https://platform.keesingtechnologies.com/tag/development/
DID,1,DID,did,1,https://platform.keesingtechnologies.com/tag/did/
digital card,1,digital card,digital card,1,https://platform.keesingtechnologies.com/tag/digital-card/
Digital Euro,1,Digital Euro,digital euro,1,https://platform.keesingtechnologies.com/tag/digital-euro/
Digital Euro Project,1,Digital Euro Project,digital euro project,1,https://platform.keesingtechnologies.com/tag/digital-euro-project/
Digital ID card,1,Digital ID card,digital id card,1,https://platform.keesingtechnologies.com/tag/digital-id-card/
digital ID wallet,1,digital ID wallet,digital id wallet,1,https://platform.keesingtechnologies.com/tag/digital-id-wallet/
digital identities,1,digital identities,digital identitie,1,https://platform.keesingtechnologies.com/tag/digital-identities/
Digital Identity App,1,Digital Identity App,digital identity app,1,https://platform.keesingtechnologies.com/tag/digital-identity-app/
Digital Identity Guarantee Service,1,Digital Identity Guarantee Service,digital identity guarantee service,1,https://platform.keesingtechnologies.com/tag/digital-identity-guarantee-service/
digital identity network,1,digital identity network,digital identity network,1,https://platform.keesingtechnologies.com/tag/digital-identity-network/
Digital identity programs,1,Digital identity programs,digital identity program,1,https://platform.keesingtechnologies.com/tag/digital-identity-programs/
Digital Identity Toolkit,1,Digital Identity Toolkit,digital identity toolkit,1,https://platform.keesingtechnologies.com/tag/digital-identity-toolkit/
Digital IDs,1,Digital IDs,digital ids,1,https://platform.keesingtechnologies.com/tag/digital-ids/
Digital Nomad Visa,1,Digital Nomad Visa,digital nomad visa,1,https://platform.keesingtechnologies.com/tag/digital-nomad-visa/
Digital payment,1,Digital payment,digital payment,1,https://platform.keesingtechnologies.com/tag/digital-payment/
Digital Person,1,Digital Person,digital person,1,https://platform.keesingtechnologies.com/tag/digital-person/
digital privacy,1,digital privacy,digital privacy,1,https://platform.keesingtechnologies.com/tag/digital-privacy/
Digital Public Infrastructure,1,Digital Public Infrastructure,digital public infrastructure,1,https://platform.keesingtechnologies.com/tag/digital-public-infrastructure/
Digital signature,1,Digital signature,digital signature,1,https://platform.keesingtechnologies.com/tag/digital-signature/
digital threats,1,digital threats,digital threat,1,https://platform.keesingtechnologies.com/tag/digital-threats/
Digital trust,1,Digital trust,digital trust,1,https://platform.keesingtechnologies.com/tag/digital-trust/
diplomatic,1,diplomatic,diplomatic,1,https://platform.keesingtechnologies.com/tag/diplomatic/
diplomatic passport,1,diplomatic passport,diplomatic passport,1,https://platform.keesingtechnologies.com/tag/diplomatic-passport/
diplomats,1,diplomats,diplomat,1,https://platform.keesingtechnologies.com/tag/diplomats/
Disability identifier symbol,1,Disability identifier symbol,disability identifier symbol,1,https://platform.keesingtechnologies.com/tag/disability-identifier-symbol/
Disaster Recovery,1,Disaster Recovery,disaster recovery,1,https://platform.keesingtechnologies.com/tag/disaster-recovery/
Disaster Recovery Plan,1,Disaster Recovery Plan,disaster recovery plan,1,https://platform.keesingtechnologies.com/tag/disaster-recovery-plan/
distance,1,distance,distance,1,https://platform.keesingtechnologies.com/tag/distance/
DMV,1,DMV,dmv,1,https://platform.keesingtechnologies.com/tag/dmv/
DNA,1,DNA,dna,1,https://platform.keesingtechnologies.com/tag/dna/
DNS,1,DNS,dns,1,https://platform.keesingtechnologies.com/tag/dns/
document examination,1,document examination,document examination,1,https://platform.keesingtechnologies.com/tag/document-examination/
document securit,1,document securit,document securit,1,https://platform.keesingtechnologies.com/tag/document-securit/
documentless identification,1,documentless identification,documentless identification,1,https://platform.keesingtechnologies.com/tag/documentless-identification/
Dr. Flora Murray,1,Dr. Flora Murray,dr. flora murray,1,https://platform.keesingtechnologies.com/tag/dr-flora-murray/
driving license rules,1,driving license rules,driving license rule,1,https://platform.keesingtechnologies.com/tag/driving-license-rules/
DSCs,1,DSCs,dscs,1,https://platform.keesingtechnologies.com/tag/dscs/
DTC,1,DTC,dtc,1,https://platform.keesingtechnologies.com/tag/dtc/
durable material,1,durable material,durable material,1,https://platform.keesingtechnologies.com/tag/durable-material/
e-border,1,e-border,e border,1,https://platform.keesingtechnologies.com/tag/e-border/
e-government,1,e-government,e government,1,https://platform.keesingtechnologies.com/tag/e-government/
e-ID document,1,e-ID document,e id document,1,https://platform.keesingtechnologies.com/tag/e-id-document/
e-identity,1,e-identity,e identity,1,https://platform.keesingtechnologies.com/tag/e-identity/
e-police,1,e-police,e police,1,https://platform.keesingtechnologies.com/tag/e-police/
E-Residency Program,1,E-Residency Program,e residency program,1,https://platform.keesingtechnologies.com/tag/e-residency-program/
e-travel document,1,e-travel document,e travel document,1,https://platform.keesingtechnologies.com/tag/e-travel-document/
Earlobe Recognition,1,Earlobe Recognition,earlobe recognition,1,https://platform.keesingtechnologies.com/tag/earlobe-recognition/
earth,1,earth,earth,1,https://platform.keesingtechnologies.com/tag/earth/
EBCG FADO,1,EBCG FADO,ebcg fado,1,https://platform.keesingtechnologies.com/tag/ebcg-fado/
ecard,1,ecard,ecard,1,https://platform.keesingtechnologies.com/tag/ecard/
eCovers,1,eCovers,ecover,1,https://platform.keesingtechnologies.com/tag/ecovers/
ecozone,1,ecozone,ecozone,1,https://platform.keesingtechnologies.com/tag/ecozone/
Ecuador,1,Ecuador,ecuador,1,https://platform.keesingtechnologies.com/tag/ecuador/
editors picks,1,editors picks,editor pick,1,https://platform.keesingtechnologies.com/tag/editorspicks/
EES-compliant border control solutions,1,EES-compliant border control solutions,ees compliant border control solution,1,https://platform.keesingtechnologies.com/tag/ees-compliant-border-control-solutions/
eID Service,1,eID Service,eid service,1,https://platform.keesingtechnologies.com/tag/eid-service/
eID-Me,1,eID-Me,eid me,1,https://platform.keesingtechnologies.com/tag/eid-me/
electromagnitic,1,electromagnitic,electromagnitic,1,https://platform.keesingtechnologies.com/tag/electromagnitic/
electronic currency,1,electronic currency,electronic currency,1,https://platform.keesingtechnologies.com/tag/electronic-currency/
electronic id,1,electronic id,electronic id,1,https://platform.keesingtechnologies.com/tag/electronic-id/
electronic identity card,1,electronic identity card,electronic identity card,1,https://platform.keesingtechnologies.com/tag/electronic-identity-card/
electronic signature,1,electronic signature,electronic signature,1,https://platform.keesingtechnologies.com/tag/electronic-signature/
Electronic visa system,1,Electronic visa system,electronic visa system,1,https://platform.keesingtechnologies.com/tag/electronic-visa-system/
electronict documents,1,electronict documents,electronict document,1,https://platform.keesingtechnologies.com/tag/electronict-documents/
emergency,1,emergency,emergency,1,https://platform.keesingtechnologies.com/tag/emergency/
emergent identity,1,emergent identity,emergent identity,1,https://platform.keesingtechnologies.com/tag/emergent-identity/
Emirates,1,Emirates,emirate,1,https://platform.keesingtechnologies.com/tag/emirates/
Emirates ID Cards,1,Emirates ID Cards,emirate id card,1,https://platform.keesingtechnologies.com/tag/emirates-id-cards/
emissions,1,emissions,emission,1,https://platform.keesingtechnologies.com/tag/emissions/
enhanced driver’s licence,1,enhanced driver’s licence,enhanced driver’ licence,1,https://platform.keesingtechnologies.com/tag/enhanced-drivers-licence/
enhanced identification card,1,enhanced identification card,enhanced identification card,1,https://platform.keesingtechnologies.com/tag/enhanced-identification-card/
Environmental Impact,1,Environmental Impact,environmental impact,1,https://platform.keesingtechnologies.com/tag/environmental-impact/
EQPR,1,EQPR,eqpr,1,https://platform.keesingtechnologies.com/tag/eqpr/
ERA,1,ERA,era,1,https://platform.keesingtechnologies.com/tag/era/
errors,1,errors,error,1,https://platform.keesingtechnologies.com/tag/errors/
ETD,1,ETD,etd,1,https://platform.keesingtechnologies.com/tag/etd/
Ethical Hacking,1,Ethical Hacking,ethical hacking,1,https://platform.keesingtechnologies.com/tag/ethical-hacking/
Ethiopia,1,Ethiopia,ethiopia,1,https://platform.keesingtechnologies.com/tag/ethiopia/
EU Commission,1,EU Commission,eu commission,1,https://platform.keesingtechnologies.com/tag/eu-commission/
EU Laissez-passer,1,EU Laissez-passer,eu laissez passer,1,https://platform.keesingtechnologies.com/tag/eu-laissez-passer/
EU member states,1,EU member states,eu member state,1,https://platform.keesingtechnologies.com/tag/eu-member-states/
EU visa,1,EU visa,eu visa,1,https://platform.keesingtechnologies.com/tag/eu-visa/
EU/UK Passports,1,EU/UK Passports,eu uk passport,1,https://platform.keesingtechnologies.com/tag/eu-uk-passports/
Europe,1,Europe,europe,1,https://platform.keesingtechnologies.com/tag/europe/
Europe Central Bank,1,Europe Central Bank,europe central bank,1,https://platform.keesingtechnologies.com/tag/europe-central-bank/
European Border,1,European Border,european border,1,https://platform.keesingtechnologies.com/tag/european-border/
European Border and Coast Guard,1,European Border and Coast Guard,european border and coast guard,1,https://platform.keesingtechnologies.com/tag/european-border-and-coast-guard/
European Central Bank,1,European Central Bank,european central bank,1,https://platform.keesingtechnologies.com/tag/european-central-bank/
European Commission,1,European Commission,european commission,1,https://platform.keesingtechnologies.com/tag/european-commission/
European Parliament,1,European Parliament,european parliament,1,https://platform.keesingtechnologies.com/tag/european-parliament/
European Qualifications Passport for Refugees,1,European Qualifications Passport for Refugees,european qualification passport for refugee,1,https://platform.keesingtechnologies.com/tag/european-qualifications-refugees/
External Penetration Testing,1,External Penetration Testing,external penetration testing,1,https://platform.keesingtechnologies.com/tag/external-penetration-testing/
fake id,1,fake id,fake id,1,https://platform.keesingtechnologies.com/tag/fake-id/
fake money,1,fake money,fake money,1,https://platform.keesingtechnologies.com/tag/fake-money/
Famous Women,1,Famous Women,famou women,1,https://platform.keesingtechnologies.com/tag/famous-women/
fastpass,1,fastpass,fastpass,1,https://platform.keesingtechnologies.com/tag/fastpass/
FHT,1,FHT,fht,1,https://platform.keesingtechnologies.com/tag/fht/
fibonacci sequence,1,fibonacci sequence,fibonacci sequence,1,https://platform.keesingtechnologies.com/tag/fibonacci-sequence/
FIFA,1,FIFA,fifa,1,https://platform.keesingtechnologies.com/tag/fifa/
financial crime,1,financial crime,financial crime,1,https://platform.keesingtechnologies.com/tag/financial-crime/
Financial Sectors,1,Financial Sectors,financial sector,1,https://platform.keesingtechnologies.com/tag/financial-sectors/
financial security,1,financial security,financial security,1,https://platform.keesingtechnologies.com/tag/financial-security/
finger,1,finger,finger,1,https://platform.keesingtechnologies.com/tag/finger/
Fingerprint authentication,1,Fingerprint authentication,fingerprint authentication,1,https://platform.keesingtechnologies.com/tag/fingerprint-authentication/
fingerprint collection,1,fingerprint collection,fingerprint collection,1,https://platform.keesingtechnologies.com/tag/fingerprint-collection/
fluorescent,1,fluorescent,fluorescent,1,https://platform.keesingtechnologies.com/tag/fluorescent/
fluorescent ink,1,fluorescent ink,fluorescent ink,1,https://platform.keesingtechnologies.com/tag/fluorescent-ink/
FOB,1,FOB,fob,1,https://platform.keesingtechnologies.com/tag/fob/
FORGERY,1,FORGERY,forgery,1,https://platform.keesingtechnologies.com/tag/forgery/
forint,1,forint,forint,1,https://platform.keesingtechnologies.com/tag/forint/
fraud detection,1,fraud detection,fraud detection,1,https://platform.keesingtechnologies.com/tag/fraud-detection/
fraud prevention,1,fraud prevention,fraud prevention,1,https://platform.keesingtechnologies.com/tag/fraud-prevention/
Gait Recognition,1,Gait Recognition,gait recognition,1,https://platform.keesingtechnologies.com/tag/gait-recognition/
Gamers,1,Gamers,gamer,1,https://platform.keesingtechnologies.com/tag/gamers/
gender,1,gender,gender,1,https://platform.keesingtechnologies.com/tag/gender/
Gender Equality,1,Gender Equality,gender equality,1,https://platform.keesingtechnologies.com/tag/gender-equality/
gender neutral,1,gender neutral,gender neutral,1,https://platform.keesingtechnologies.com/tag/gender-neutral/
Generative AI tools,1,Generative AI tools,generative ai tool,1,https://platform.keesingtechnologies.com/tag/generative-ai-tools/
German ID,1,German ID,german id,1,https://platform.keesingtechnologies.com/tag/german-id/
gesture biometrics,1,gesture biometrics,gesture biometric,1,https://platform.keesingtechnologies.com/tag/gesture-biometrics/
Gibraltar,1,Gibraltar,gibraltar,1,https://platform.keesingtechnologies.com/tag/gibraltar/
Gizmodo,1,Gizmodo,gizmodo,1,https://platform.keesingtechnologies.com/tag/gizmodo/
global,1,global,global,1,https://platform.keesingtechnologies.com/tag/global/
Global ID System,1,Global ID System,global id system,1,https://platform.keesingtechnologies.com/tag/global-id-system/
Global Passenger Survey,1,Global Passenger Survey,global passenger survey,1,https://platform.keesingtechnologies.com/tag/global-passenger-survey/
glow,1,glow,glow,1,https://platform.keesingtechnologies.com/tag/glow/
GlucoChip,1,GlucoChip,glucochip,1,https://platform.keesingtechnologies.com/tag/glucochip/
Good Health Pass,1,Good Health Pass,good health pass,1,https://platform.keesingtechnologies.com/tag/good-health-pass/
Google,1,Google,google,1,https://platform.keesingtechnologies.com/tag/google/
government services,1,government services,government service,1,https://platform.keesingtechnologies.com/tag/government-services/
grabba,1,grabba,grabba,1,https://platform.keesingtechnologies.com/tag/grabba/
Great Britain,1,Great Britain,great britain,1,https://platform.keesingtechnologies.com/tag/great-britain/
Grid,1,Grid,grid,1,https://platform.keesingtechnologies.com/tag/grid/
Guernsey,1,Guernsey,guernsey,1,https://platform.keesingtechnologies.com/tag/guernsey/
Hacker,1,Hacker,hacker,1,https://platform.keesingtechnologies.com/tag/hacker/
hacking attempts,1,hacking attempts,hacking attempt,1,https://platform.keesingtechnologies.com/tag/hacking-attempts/
hacks,1,hacks,hack,1,https://platform.keesingtechnologies.com/tag/hacks/
Hage G. Geingob,1,Hage G. Geingob,hage g. geingob,1,https://platform.keesingtechnologies.com/tag/hage-g-geingob/
halftone,1,halftone,halftone,1,https://platform.keesingtechnologies.com/tag/halftone/
halftone pattern,1,halftone pattern,halftone pattern,1,https://platform.keesingtechnologies.com/tag/halftone-pattern/
Hamming distance,1,Hamming distance,hamming distance,1,https://platform.keesingtechnologies.com/tag/hamming-distance/
hand,1,hand,hand,1,https://platform.keesingtechnologies.com/tag/hand/
Hand Geometry Recognition,1,Hand Geometry Recognition,hand geometry recognition,1,https://platform.keesingtechnologies.com/tag/hand-geometry-recognition/
Health,1,Health,health,1,https://platform.keesingtechnologies.com/tag/health/
Healthcare,1,Healthcare,healthcare,1,https://platform.keesingtechnologies.com/tag/healthcare/
Henley Passport Index,1,Henley Passport Index,henley passport index,1,https://platform.keesingtechnologies.com/tag/henley-passport-index/
Herzegovina,1,Herzegovina,herzegovina,1,https://platform.keesingtechnologies.com/tag/herzegovina/
HID report,1,HID report,hid report,1,https://platform.keesingtechnologies.com/tag/hid-report/
Holistic Cyber Solution,1,Holistic Cyber Solution,holistic cyber solution,1,https://platform.keesingtechnologies.com/tag/holistic-cyber-solution/
Holofuse,1,Holofuse,holofuse,1,https://platform.keesingtechnologies.com/tag/holofuse/
holographic method,1,holographic method,holographic method,1,https://platform.keesingtechnologies.com/tag/holographic-method/
HoloID,1,HoloID,holoid,1,https://platform.keesingtechnologies.com/tag/holoid/
Homeland Security,1,Homeland Security,homeland security,1,https://platform.keesingtechnologies.com/tag/homeland-security/
HSI,1,HSI,hsi,1,https://platform.keesingtechnologies.com/tag/hsi/
HTTPS,1,HTTPS,http,1,https://platform.keesingtechnologies.com/tag/https/
human fraud,1,human fraud,human fraud,1,https://platform.keesingtechnologies.com/tag/human-fraud/
Hybrid Banknotes,1,Hybrid Banknotes,hybrid banknote,1,https://platform.keesingtechnologies.com/tag/hybrid-banknotes/
i-voting,1,i-voting,i voting,1,https://platform.keesingtechnologies.com/tag/i-voting/
IAA system,1,IAA system,iaa system,1,https://platform.keesingtechnologies.com/tag/iaa-system/
IAS,1,IAS,ias,1,https://platform.keesingtechnologies.com/tag/ias/
ICAO standards,1,ICAO standards,icao standard,1,https://platform.keesingtechnologies.com/tag/icao-standards/
ICAO TRIP,1,ICAO TRIP,icao trip,1,https://platform.keesingtechnologies.com/tag/icao-trip/
ICE,1,ICE,ice,1,https://platform.keesingtechnologies.com/tag/ice/
id doc,1,id doc,id doc,1,https://platform.keesingtechnologies.com/tag/id-doc/
id documenten,1,id documenten,id documenten,1,https://platform.keesingtechnologies.com/tag/id-documenten/
ID E,1,ID E,id e,1,https://platform.keesingtechnologies.com/tag/id-e/
ID ecosystem,1,ID ecosystem,id ecosystem,1,https://platform.keesingtechnologies.com/tag/id-ecosystem/
ID eDocument,1,ID eDocument,id edocument,1,https://platform.keesingtechnologies.com/tag/id-edocument/
ID eDocument Security,1,ID eDocument Security,id edocument security,1,https://platform.keesingtechnologies.com/tag/id-edocument-security/
ID security programmes,1,ID security programmes,id security programme,1,https://platform.keesingtechnologies.com/tag/id-security-programmes/
id systems,1,id systems,id system,1,https://platform.keesingtechnologies.com/tag/id-systems/
id technology,1,id technology,id technology,1,https://platform.keesingtechnologies.com/tag/id-technology/
ID verfication,1,ID verfication,id verfication,1,https://platform.keesingtechnologies.com/tag/id-verfication/
ID-One PIV,1,ID-One PIV,id one piv,1,https://platform.keesingtechnologies.com/tag/id-one-piv/
ID360,1,ID360,id360,1,https://platform.keesingtechnologies.com/tag/id360/
Idaho,1,Idaho,idaho,1,https://platform.keesingtechnologies.com/tag/idaho/
IDEMIA Public Security,1,IDEMIA Public Security,idemia public security,1,https://platform.keesingtechnologies.com/tag/idemia-public-security/
Identificarion,1,Identificarion,identificarion,1,https://platform.keesingtechnologies.com/tag/identificarion/
identification documents,1,identification documents,identification document,1,https://platform.keesingtechnologies.com/tag/identification-documents/
iDentify,1,iDentify,identify,1,https://platform.keesingtechnologies.com/tag/identify/
identity authentication,1,identity authentication,identity authentication,1,https://platform.keesingtechnologies.com/tag/identity-authentication/
identity credentials,1,identity credentials,identity credential,1,https://platform.keesingtechnologies.com/tag/identity-credentials/
identity ecosystem,1,identity ecosystem,identity ecosystem,1,https://platform.keesingtechnologies.com/tag/identity-ecosystem/
identity industry,1,identity industry,identity industry,1,https://platform.keesingtechnologies.com/tag/identity-industry/
Identity Management Solutions,1,Identity Management Solutions,identity management solution,1,https://platform.keesingtechnologies.com/tag/identity-management-solutions/
identity management system,1,identity management system,identity management system,1,https://platform.keesingtechnologies.com/tag/identity-management-system/
Identity Services Market,1,Identity Services Market,identity service market,1,https://platform.keesingtechnologies.com/tag/identity-services-market/
Identity Threat Assessment and Prediction risk assessment tool (ITAP),1,Identity Threat Assessment and Prediction risk assessment tool (ITAP),identity threat assessment and prediction risk assessment tool (itap),1,https://platform.keesingtechnologies.com/tag/identity-threat-assessment-and-prediction-risk-assessment-tool-itap/
IDT Solution,1,IDT Solution,idt solution,1,https://platform.keesingtechnologies.com/tag/idt-solution/
Image-Shifting Features,1,Image-Shifting Features,image shifting feature,1,https://platform.keesingtechnologies.com/tag/image-shifting-features/
impostor,1,impostor,impostor,1,https://platform.keesingtechnologies.com/tag/impostor/
Incident Response,1,Incident Response,incident response,1,https://platform.keesingtechnologies.com/tag/incident-response/
index,1,index,index,1,https://platform.keesingtechnologies.com/tag/index/
Indigenous Canadians,1,Indigenous Canadians,indigenou canadian,1,https://platform.keesingtechnologies.com/tag/indigenous-canadians/
Industrial Control Systems,1,Industrial Control Systems,industrial control system,1,https://platform.keesingtechnologies.com/tag/industrial-control-systems/
Industry,1,Industry,industry,1,https://platform.keesingtechnologies.com/tag/industry/
Infineon Technologies,1,Infineon Technologies,infineon technologie,1,https://platform.keesingtechnologies.com/tag/infineon-technologies/
InfoStrata,1,InfoStrata,infostrata,1,https://platform.keesingtechnologies.com/tag/infostrata/
innovation awards,1,innovation awards,innovation award,1,https://platform.keesingtechnologies.com/tag/innovation-awards/
INS,1,INS,ins,1,https://platform.keesingtechnologies.com/tag/ins/
Instagram,1,Instagram,instagram,1,https://platform.keesingtechnologies.com/tag/instagram/
Integrated circuit card programming interfaces,1,Integrated circuit card programming interfaces,integrated circuit card programming interface,1,https://platform.keesingtechnologies.com/tag/integrated-circuit-card-programming-interfaces/
International Air Transport Association,1,International Air Transport Association,international air transport association,1,https://platform.keesingtechnologies.com/tag/international-air-transport-association/
International Airports,1,International Airports,international airport,1,https://platform.keesingtechnologies.com/tag/international-airports/
International Hologram Manufacturers Association,1,International Hologram Manufacturers Association,international hologram manufacturer association,1,https://platform.keesingtechnologies.com/tag/international-hologram-manufacturers-association/
International Optical Technologies Association,1,International Optical Technologies Association,international optical technologie association,1,https://platform.keesingtechnologies.com/tag/international-optical-technologies-association/
International Telecommunication Unio,1,International Telecommunication Unio,international telecommunication unio,1,https://platform.keesingtechnologies.com/tag/international-telecommunication-unio/
Internet,1,Internet,internet,1,https://platform.keesingtechnologies.com/tag/internet/
interoperability,1,interoperability,interoperability,1,https://platform.keesingtechnologies.com/tag/interoperability/
IOM,1,IOM,iom,1,https://platform.keesingtechnologies.com/tag/iom/
IOT,1,IOT,iot,1,https://platform.keesingtechnologies.com/tag/iot/
IP Adress,1,IP Adress,ip adress,1,https://platform.keesingtechnologies.com/tag/ip-adress/
iPhone,1,iPhone,iphone,1,https://platform.keesingtechnologies.com/tag/iphone/
IR-light,1,IR-light,ir light,1,https://platform.keesingtechnologies.com/tag/ir-light/
Iris ID Technology,1,Iris ID Technology,iris id technology,1,https://platform.keesingtechnologies.com/tag/iris-id-technology/
iris scan,1,iris scan,iris scan,1,https://platform.keesingtechnologies.com/tag/iris-scan/
ISO/IEC 24727,1,ISO/IEC 24727,iso iec 24727,1,https://platform.keesingtechnologies.com/tag/iso-iec-24727/
JMW Turner,1,JMW Turner,jmw turner,1,https://platform.keesingtechnologies.com/tag/jmw-turner/
John Brennan,1,John Brennan,john brennan,1,https://platform.keesingtechnologies.com/tag/john-brennan/
joint visa,1,joint visa,joint visa,1,https://platform.keesingtechnologies.com/tag/joint-visa/
jurisdictions,1,jurisdictions,jurisdiction,1,https://platform.keesingtechnologies.com/tag/jurisdictions/
Jágr,1,Jágr,jágr,1,https://platform.keesingtechnologies.com/tag/jagr/
Katsushika Hokusai,1,Katsushika Hokusai,katsushika hokusai,1,https://platform.keesingtechnologies.com/tag/katsushika-hokusai/
Keesing Technologies,1,Keesing Technologies,keesing technologie,1,https://platform.keesingtechnologies.com/tag/keesing-technologies/
key derivation,1,key derivation,key derivation,1,https://platform.keesingtechnologies.com/tag/key-derivation/
Key Performance Indicators,1,Key Performance Indicators,key performance indicator,1,https://platform.keesingtechnologies.com/tag/key-performance-indicators/
Kinegram,1,Kinegram,kinegram,1,https://platform.keesingtechnologies.com/tag/kinegram/
kiosk,1,kiosk,kiosk,1,https://platform.keesingtechnologies.com/tag/kiosk/
Kiribati,1,Kiribati,kiribati,1,https://platform.keesingtechnologies.com/tag/kiribati/
Kodak Alaris,1,Kodak Alaris,kodak alari,1,https://platform.keesingtechnologies.com/tag/kodak-alaris/
Korea,1,Korea,korea,1,https://platform.keesingtechnologies.com/tag/korea/
kroner,1,kroner,kroner,1,https://platform.keesingtechnologies.com/tag/kroner/
Kuwait,1,Kuwait,kuwait,1,https://platform.keesingtechnologies.com/tag/kuwait/
Kwacha,1,Kwacha,kwacha,1,https://platform.keesingtechnologies.com/tag/kwacha/
kwanza,1,kwanza,kwanza,1,https://platform.keesingtechnologies.com/tag/kwanza/
Kyrgyz Republic,1,Kyrgyz Republic,kyrgyz republic,1,https://platform.keesingtechnologies.com/tag/kyrgyz-republic/
LA Wallet,1,LA Wallet,la wallet,1,https://platform.keesingtechnologies.com/tag/la-wallet/
labourmarket,1,labourmarket,labourmarket,1,https://platform.keesingtechnologies.com/tag/labourmarket/
Laos,1,Laos,laos,1,https://platform.keesingtechnologies.com/tag/laos/
Laser Colour Inkjet,1,Laser Colour Inkjet,laser colour inkjet,1,https://platform.keesingtechnologies.com/tag/laser-colour-inkjet/
legal identity,1,legal identity,legal identity,1,https://platform.keesingtechnologies.com/tag/legal-identity/
leke,1,leke,leke,1,https://platform.keesingtechnologies.com/tag/leke/
LEP,1,LEP,lep,1,https://platform.keesingtechnologies.com/tag/lep/
liechtenstein,1,liechtenstein,liechtenstein,1,https://platform.keesingtechnologies.com/tag/liechtenstein/
light,1,light,light,1,https://platform.keesingtechnologies.com/tag/light/
line,1,line,line,1,https://platform.keesingtechnologies.com/tag/line/
london olympics 2012,1,london olympics 2012,london olympic 2012,1,https://platform.keesingtechnologies.com/tag/london-olympics-2012/
long-term visa,1,long-term visa,long term visa,1,https://platform.keesingtechnologies.com/tag/long-term-visa/
Louisenthal,1,Louisenthal,louisenthal,1,https://platform.keesingtechnologies.com/tag/louisenthal/
Louisiana,1,Louisiana,louisiana,1,https://platform.keesingtechnologies.com/tag/louisiana/
machine authentication,1,machine authentication,machine authentication,1,https://platform.keesingtechnologies.com/tag/machine-authentication/
Machine Readable Passports,1,Machine Readable Passports,machine readable passport,1,https://platform.keesingtechnologies.com/tag/machine-readable-passports/
Machine Readable Zone,1,Machine Readable Zone,machine readable zone,1,https://platform.keesingtechnologies.com/tag/machine-readable-zone/
Malaysia,1,Malaysia,malaysia,1,https://platform.keesingtechnologies.com/tag/malaysia/
Maldives,1,Maldives,maldive,1,https://platform.keesingtechnologies.com/tag/maldives/
Maledives,1,Maledives,maledive,1,https://platform.keesingtechnologies.com/tag/maledives/
manat,1,manat,manat,1,https://platform.keesingtechnologies.com/tag/manat/
marriage,1,marriage,marriage,1,https://platform.keesingtechnologies.com/tag/marriage/
marriage status,1,marriage status,marriage statu,1,https://platform.keesingtechnologies.com/tag/marriage-status/
Martin Sutherland,1,Martin Sutherland,martin sutherland,1,https://platform.keesingtechnologies.com/tag/martin-sutherland/
Maryland,1,Maryland,maryland,1,https://platform.keesingtechnologies.com/tag/maryland/
matching errors,1,matching errors,matching error,1,https://platform.keesingtechnologies.com/tag/matching-errors/
matching solutions,1,matching solutions,matching solution,1,https://platform.keesingtechnologies.com/tag/matching-solutions/
mauritius,1,mauritius,mauritiu,1,https://platform.keesingtechnologies.com/tag/mauritius/
Mean Time to Detect,1,Mean Time to Detect,mean time to detect,1,https://platform.keesingtechnologies.com/tag/mean-time-to-detect/
Mean Time to Respond,1,Mean Time to Respond,mean time to respond,1,https://platform.keesingtechnologies.com/tag/mean-time-to-respond/
meta,1,meta,meta,1,https://platform.keesingtechnologies.com/tag/meta/
metamaterials,1,metamaterials,metamaterial,1,https://platform.keesingtechnologies.com/tag/metamaterials/
micro-optics,1,micro-optics,micro optic,1,https://platform.keesingtechnologies.com/tag/micro-optics/
micro-optics banknote security,1,micro-optics banknote security,micro optic banknote security,1,https://platform.keesingtechnologies.com/tag/micro-optics-banknote-security/
micro-organism,1,micro-organism,micro organism,1,https://platform.keesingtechnologies.com/tag/micro-organism/
microchip,1,microchip,microchip,1,https://platform.keesingtechnologies.com/tag/microchip/
microprint,1,microprint,microprint,1,https://platform.keesingtechnologies.com/tag/microprint/
Microprinting,1,Microprinting,microprinting,1,https://platform.keesingtechnologies.com/tag/microprinting/
Middle East,1,Middle East,middle east,1,https://platform.keesingtechnologies.com/tag/middle-east/
migration,1,migration,migration,1,https://platform.keesingtechnologies.com/tag/migration/
Misprint,1,Misprint,misprint,1,https://platform.keesingtechnologies.com/tag/misprint/
Mobile Credentials,1,Mobile Credentials,mobile credential,1,https://platform.keesingtechnologies.com/tag/mobile-credentials/
mobile payments,1,mobile payments,mobile payment,1,https://platform.keesingtechnologies.com/tag/mobile-payments/
mobile phone,1,mobile phone,mobile phone,1,https://platform.keesingtechnologies.com/tag/mobile-phone/
mobile wallet,1,mobile wallet,mobile wallet,1,https://platform.keesingtechnologies.com/tag/mobile-wallet/
moire OVDs,1,moire OVDs,moire ovds,1,https://platform.keesingtechnologies.com/tag/moire-ovds/
Monaco,1,Monaco,monaco,1,https://platform.keesingtechnologies.com/tag/monaco/
Monochromatic design,1,Monochromatic design,monochromatic design,1,https://platform.keesingtechnologies.com/tag/monochromatic-design/
montana,1,montana,montana,1,https://platform.keesingtechnologies.com/tag/montana/
Moov™,1,Moov™,moov™,1,https://platform.keesingtechnologies.com/tag/moov/
morpho,1,morpho,morpho,1,https://platform.keesingtechnologies.com/tag/morpho/
Mozambique,1,Mozambique,mozambique,1,https://platform.keesingtechnologies.com/tag/mozambique/
multi-annual visa,1,multi-annual visa,multi annual visa,1,https://platform.keesingtechnologies.com/tag/multi-annual-visa/
Multi-Function Printers,1,Multi-Function Printers,multi function printer,1,https://platform.keesingtechnologies.com/tag/multi-function-printers/
multitechnology,1,multitechnology,multitechnology,1,https://platform.keesingtechnologies.com/tag/multitechnology/
Naira,1,Naira,naira,1,https://platform.keesingtechnologies.com/tag/naira/
names,1,names,name,1,https://platform.keesingtechnologies.com/tag/names/
Nano,1,Nano,nano,1,https://platform.keesingtechnologies.com/tag/nano/
National Digital ID,1,National Digital ID,national digital id,1,https://platform.keesingtechnologies.com/tag/national-digital-id/
National Digital ID Service,1,National Digital ID Service,national digital id service,1,https://platform.keesingtechnologies.com/tag/national-digital-id-service/
National Digital ID System,1,National Digital ID System,national digital id system,1,https://platform.keesingtechnologies.com/tag/national-digital-id-system/
National ID Documents,1,National ID Documents,national id document,1,https://platform.keesingtechnologies.com/tag/national-id-documents/
National Identification Numbers,1,National Identification Numbers,national identification number,1,https://platform.keesingtechnologies.com/tag/national-identification-numbers/
national security,1,national security,national security,1,https://platform.keesingtechnologies.com/tag/national-security/
Nationwide Digital ID Card,1,Nationwide Digital ID Card,nationwide digital id card,1,https://platform.keesingtechnologies.com/tag/nationwide-digital-id-card/
NDI,1,NDI,ndi,1,https://platform.keesingtechnologies.com/tag/ndi/
NDI Wallet,1,NDI Wallet,ndi wallet,1,https://platform.keesingtechnologies.com/tag/ndi-wallet/
Netherlands Antillean Guilder,1,Netherlands Antillean Guilder,netherland antillean guilder,1,https://platform.keesingtechnologies.com/tag/netherlands-antillean-guilder/
Network Infrastructure,1,Network Infrastructure,network infrastructure,1,https://platform.keesingtechnologies.com/tag/network-infrastructure/
Neurotechnology,1,Neurotechnology,neurotechnology,1,https://platform.keesingtechnologies.com/tag/neurotechnology/
Nevada,1,Nevada,nevada,1,https://platform.keesingtechnologies.com/tag/nevada/
New Hampshire,1,New Hampshire,new hampshire,1,https://platform.keesingtechnologies.com/tag/new-hampshire/
new series,1,new series,new serie,1,https://platform.keesingtechnologies.com/tag/new-series/
nexus,1,nexus,nexu,1,https://platform.keesingtechnologies.com/tag/nexus/
NIR,1,NIR,nir,1,https://platform.keesingtechnologies.com/tag/nir/
non-binary,1,non-binary,non binary,1,https://platform.keesingtechnologies.com/tag/non-binary/
Nordic,1,Nordic,nordic,1,https://platform.keesingtechnologies.com/tag/nordic/
north Dakota,1,north Dakota,north dakota,1,https://platform.keesingtechnologies.com/tag/north-dakota/
north-carolina,1,north-carolina,north carolina,1,https://platform.keesingtechnologies.com/tag/north-carolina/
obama,1,obama,obama,1,https://platform.keesingtechnologies.com/tag/obama/
OCI card,1,OCI card,oci card,1,https://platform.keesingtechnologies.com/tag/oci-card/
OCOG,1,OCOG,ocog,1,https://platform.keesingtechnologies.com/tag/ocog/
OCT,1,OCT,oct,1,https://platform.keesingtechnologies.com/tag/oct/
Olympic Games,1,Olympic Games,olympic game,1,https://platform.keesingtechnologies.com/tag/olympic-games/
On-Phone ID Card,1,On-Phone ID Card,on phone id card,1,https://platform.keesingtechnologies.com/tag/on-phone-id-card/
OneButtonPIN,1,OneButtonPIN,onebuttonpin,1,https://platform.keesingtechnologies.com/tag/onebuttonpin/
OneFeather,1,OneFeather,onefeather,1,https://platform.keesingtechnologies.com/tag/onefeather/
Online Identity Verification,1,Online Identity Verification,online identity verification,1,https://platform.keesingtechnologies.com/tag/online-identity-verification/
online safety,1,online safety,online safety,1,https://platform.keesingtechnologies.com/tag/online-safety/
online security risks,1,online security risks,online security risk,1,https://platform.keesingtechnologies.com/tag/online-security-risks/
online visa,1,online visa,online visa,1,https://platform.keesingtechnologies.com/tag/online-visa/
OpalPrint,1,OpalPrint,opalprint,1,https://platform.keesingtechnologies.com/tag/opalprint/
operation genesius,1,operation genesius,operation genesiu,1,https://platform.keesingtechnologies.com/tag/operation-genesius/
optical,1,optical,optical,1,https://platform.keesingtechnologies.com/tag/optical/
Optical awards,1,Optical awards,optical award,1,https://platform.keesingtechnologies.com/tag/optical-awards/
optical coherence tomography,1,optical coherence tomography,optical coherence tomography,1,https://platform.keesingtechnologies.com/tag/optical-coherence-tomography/
Optical Fingerprint Sensor,1,Optical Fingerprint Sensor,optical fingerprint sensor,1,https://platform.keesingtechnologies.com/tag/optical-fingerprint-sensor/
Optical security media (OSM),1,Optical security media (OSM),optical security media (osm),1,https://platform.keesingtechnologies.com/tag/optical-security-media-osm/
optical solutions,1,optical solutions,optical solution,1,https://platform.keesingtechnologies.com/tag/optical-solutions/
optics,1,optics,optic,1,https://platform.keesingtechnologies.com/tag/optics/
OSCE,1,OSCE,osce,1,https://platform.keesingtechnologies.com/tag/osce/
ouguiya,1,ouguiya,ouguiya,1,https://platform.keesingtechnologies.com/tag/ouguiya/
OV,1,OV,ov,1,https://platform.keesingtechnologies.com/tag/ov/
OVDs,1,OVDs,ovds,1,https://platform.keesingtechnologies.com/tag/ovds/
Overseas Citizenship of India,1,Overseas Citizenship of India,oversea citizenship of india,1,https://platform.keesingtechnologies.com/tag/overseas-citizenship-of-india/
OVmesh,1,OVmesh,ovmesh,1,https://platform.keesingtechnologies.com/tag/ovmesh/
pages,1,pages,page,1,https://platform.keesingtechnologies.com/tag/pages/
pandemic,1,pandemic,pandemic,1,https://platform.keesingtechnologies.com/tag/pandemic/
PaperProtect™,1,PaperProtect™,paperprotect™,1,https://platform.keesingtechnologies.com/tag/paperprotect/
Papua New Guinea,1,Papua New Guinea,papua new guinea,1,https://platform.keesingtechnologies.com/tag/papua-new-guinea/
partnership,1,partnership,partnership,1,https://platform.keesingtechnologies.com/tag/partnership/
Passenger Identity Verification,1,Passenger Identity Verification,passenger identity verification,1,https://platform.keesingtechnologies.com/tag/passenger-identity-verification/
passport design,1,passport design,passport design,1,https://platform.keesingtechnologies.com/tag/passport-design/
Passport Photo,1,Passport Photo,passport photo,1,https://platform.keesingtechnologies.com/tag/passport-photo/
Passport Security,1,Passport Security,passport security,1,https://platform.keesingtechnologies.com/tag/passport-security/
passport system,1,passport system,passport system,1,https://platform.keesingtechnologies.com/tag/passport-system/
passport uniformity,1,passport uniformity,passport uniformity,1,https://platform.keesingtechnologies.com/tag/passport-uniformity/
pattern,1,pattern,pattern,1,https://platform.keesingtechnologies.com/tag/pattern/
Payment Card,1,Payment Card,payment card,1,https://platform.keesingtechnologies.com/tag/payment-card/
Payment Card Industry,1,Payment Card Industry,payment card industry,1,https://platform.keesingtechnologies.com/tag/payment-card-industry/
Pennsylvania,1,Pennsylvania,pennsylvania,1,https://platform.keesingtechnologies.com/tag/pennsylvania/
permitted stay,1,permitted stay,permitted stay,1,https://platform.keesingtechnologies.com/tag/permitted-stay/
personal identity,1,personal identity,personal identity,1,https://platform.keesingtechnologies.com/tag/personal-identity/
personal security,1,personal security,personal security,1,https://platform.keesingtechnologies.com/tag/personal-security/
Personal tokens,1,Personal tokens,personal token,1,https://platform.keesingtechnologies.com/tag/personal-tokens/
PET,1,PET,pet,1,https://platform.keesingtechnologies.com/tag/pet/
Phillipines,1,Phillipines,phillipine,1,https://platform.keesingtechnologies.com/tag/phillipines/
PhilSys ID,1,PhilSys ID,philsy id,1,https://platform.keesingtechnologies.com/tag/philsys-id/
phising,1,phising,phising,1,https://platform.keesingtechnologies.com/tag/phising/
photo identification,1,photo identification,photo identification,1,https://platform.keesingtechnologies.com/tag/photo-identification/
PhotoAiD,1,PhotoAiD,photoaid,1,https://platform.keesingtechnologies.com/tag/photoaid/
photonic,1,photonic,photonic,1,https://platform.keesingtechnologies.com/tag/photonic/
photonic ink,1,photonic ink,photonic ink,1,https://platform.keesingtechnologies.com/tag/photonic-ink/
photonic structures,1,photonic structures,photonic structure,1,https://platform.keesingtechnologies.com/tag/photonic-structures/
Physical ID,1,Physical ID,physical id,1,https://platform.keesingtechnologies.com/tag/physical-id/
Piso,1,Piso,piso,1,https://platform.keesingtechnologies.com/tag/piso/
PIV cards,1,PIV cards,piv card,1,https://platform.keesingtechnologies.com/tag/piv-cards/
PKD,1,PKD,pkd,1,https://platform.keesingtechnologies.com/tag/pkd/
PKI,1,PKI,pki,1,https://platform.keesingtechnologies.com/tag/pki/
PKI Health Check,1,PKI Health Check,pki health check,1,https://platform.keesingtechnologies.com/tag/pki-health-check/
Planchettes,1,Planchettes,planchette,1,https://platform.keesingtechnologies.com/tag/planchettes/
planet,1,planet,planet,1,https://platform.keesingtechnologies.com/tag/planet/
plasmonic,1,plasmonic,plasmonic,1,https://platform.keesingtechnologies.com/tag/plasmonic/
polycarbonate,1,polycarbonate,polycarbonate,1,https://platform.keesingtechnologies.com/tag/polycarbonate/
polycarbonate ID documents,1,polycarbonate ID documents,polycarbonate id document,1,https://platform.keesingtechnologies.com/tag/polycarbonate-id-documents/
polycarbonate material,1,polycarbonate material,polycarbonate material,1,https://platform.keesingtechnologies.com/tag/polycarbonate-material/
portrait style,1,portrait style,portrait style,1,https://platform.keesingtechnologies.com/tag/portrait-style/
PositiveID,1,PositiveID,positiveid,1,https://platform.keesingtechnologies.com/tag/positiveid/
Post Office,1,Post Office,post office,1,https://platform.keesingtechnologies.com/tag/post-office/
product authentication,1,product authentication,product authentication,1,https://platform.keesingtechnologies.com/tag/product-authentication/
Public Key Infrastructure,1,Public Key Infrastructure,public key infrastructure,1,https://platform.keesingtechnologies.com/tag/public-key-infrastructure/
Putin,1,Putin,putin,1,https://platform.keesingtechnologies.com/tag/putin/
Q and A,1,Q and A,q and a,1,https://platform.keesingtechnologies.com/tag/q-and-a/
qr code,1,qr code,qr code,1,https://platform.keesingtechnologies.com/tag/qr-code/
QSDC,1,QSDC,qsdc,1,https://platform.keesingtechnologies.com/tag/qsdc/
Qualcomm,1,Qualcomm,qualcomm,1,https://platform.keesingtechnologies.com/tag/qualcomm/
quantum computing,1,quantum computing,quantum computing,1,https://platform.keesingtechnologies.com/tag/quantum-computing/
quantum security,1,quantum security,quantum security,1,https://platform.keesingtechnologies.com/tag/quantum-security/
Rand,1,Rand,rand,1,https://platform.keesingtechnologies.com/tag/rand/
rapid response,1,rapid response,rapid response,1,https://platform.keesingtechnologies.com/tag/rapid-response/
Rare,1,Rare,rare,1,https://platform.keesingtechnologies.com/tag/rare/
REAL ID Act,1,REAL ID Act,real id act,1,https://platform.keesingtechnologies.com/tag/real-id-act/
Real ID Driver’s License,1,Real ID Driver’s License,real id driver’ license,1,https://platform.keesingtechnologies.com/tag/real-id-drivers-license/
red lobster,1,red lobster,red lobster,1,https://platform.keesingtechnologies.com/tag/red-lobster/
refugee travel document,1,refugee travel document,refugee travel document,1,https://platform.keesingtechnologies.com/tag/refugee-travel-document/
refugees,1,refugees,refugee,1,https://platform.keesingtechnologies.com/tag/refugees/
register,1,register,register,1,https://platform.keesingtechnologies.com/tag/register/
registration,1,registration,registration,1,https://platform.keesingtechnologies.com/tag/registration/
Remote Workforce,1,Remote Workforce,remote workforce,1,https://platform.keesingtechnologies.com/tag/remote-workforce/
Replication,1,Replication,replication,1,https://platform.keesingtechnologies.com/tag/replication/
residence permit,1,residence permit,residence permit,1,https://platform.keesingtechnologies.com/tag/residence-permit/
resolution 2178,1,resolution 2178,resolution 2178,1,https://platform.keesingtechnologies.com/tag/resolution-2178/
Retail,1,Retail,retail,1,https://platform.keesingtechnologies.com/tag/retail/
retina,1,retina,retina,1,https://platform.keesingtechnologies.com/tag/retina/
retinal scanners,1,retinal scanners,retinal scanner,1,https://platform.keesingtechnologies.com/tag/retinal-scanners/
Reverse engineering,1,Reverse engineering,reverse engineering,1,https://platform.keesingtechnologies.com/tag/reverse-engineering/
revision policy,1,revision policy,revision policy,1,https://platform.keesingtechnologies.com/tag/revision-policy/
riel,1,riel,riel,1,https://platform.keesingtechnologies.com/tag/riel/
Risks,1,Risks,risk,1,https://platform.keesingtechnologies.com/tag/risks/
Riyal,1,Riyal,riyal,1,https://platform.keesingtechnologies.com/tag/riyal/
ROI,1,ROI,roi,1,https://platform.keesingtechnologies.com/tag/roi/
Royal Bank of Scotland,1,Royal Bank of Scotland,royal bank of scotland,1,https://platform.keesingtechnologies.com/tag/royal-bank-of-scotland/
RP70A BIO,1,RP70A BIO,rp70a bio,1,https://platform.keesingtechnologies.com/tag/rp70a-bio/
ruble,1,ruble,ruble,1,https://platform.keesingtechnologies.com/tag/ruble/
Rush Limbaugh,1,Rush Limbaugh,rush limbaugh,1,https://platform.keesingtechnologies.com/tag/rush-limbaugh/
SAC,1,SAC,sac,1,https://platform.keesingtechnologies.com/tag/sac/
SAFEWindow,1,SAFEWindow,safewindow,1,https://platform.keesingtechnologies.com/tag/safewindow/
Saga,1,Saga,saga,1,https://platform.keesingtechnologies.com/tag/saga/
Saskatchewan,1,Saskatchewan,saskatchewan,1,https://platform.keesingtechnologies.com/tag/saskatchewan/
Satoshi Nakamoto,1,Satoshi Nakamoto,satoshi nakamoto,1,https://platform.keesingtechnologies.com/tag/satoshi-nakamoto/
Saudi Central Bank,1,Saudi Central Bank,saudi central bank,1,https://platform.keesingtechnologies.com/tag/saudi-central-bank/
schengne treaty area,1,schengne treaty area,schengne treaty area,1,https://platform.keesingtechnologies.com/tag/schengne-treaty-area/
secure ID,1,secure ID,secure id,1,https://platform.keesingtechnologies.com/tag/secure-id/
Secure ID Management,1,Secure ID Management,secure id management,1,https://platform.keesingtechnologies.com/tag/secure-id-management/
secure identity,1,secure identity,secure identity,1,https://platform.keesingtechnologies.com/tag/secure-identity/
secure personal ID document,1,secure personal ID document,secure personal id document,1,https://platform.keesingtechnologies.com/tag/secure-personal-id-document/
secure transactions,1,secure transactions,secure transaction,1,https://platform.keesingtechnologies.com/tag/secure-transactions/
security awards,1,security awards,security award,1,https://platform.keesingtechnologies.com/tag/security-awards/
Security breach,1,Security breach,security breach,1,https://platform.keesingtechnologies.com/tag/security-breach/
security council,1,security council,security council,1,https://platform.keesingtechnologies.com/tag/security-council/
security incidents,1,security incidents,security incident,1,https://platform.keesingtechnologies.com/tag/security-incidents/
Security Industry,1,Security Industry,security industry,1,https://platform.keesingtechnologies.com/tag/security-industry/
security printing industry,1,security printing industry,security printing industry,1,https://platform.keesingtechnologies.com/tag/security-printing-industry/
Security Risk,1,Security Risk,security risk,1,https://platform.keesingtechnologies.com/tag/security-risk/
Security Solutions,1,Security Solutions,security solution,1,https://platform.keesingtechnologies.com/tag/security-solutions/
Security Stitching Thread,1,Security Stitching Thread,security stitching thread,1,https://platform.keesingtechnologies.com/tag/security-stitching-thread/
security technology,1,security technology,security technology,1,https://platform.keesingtechnologies.com/tag/security-technology/
see through register,1,see through register,see through register,1,https://platform.keesingtechnologies.com/tag/see-through-register/
self-service,1,self-service,self service,1,https://platform.keesingtechnologies.com/tag/self-service/
sensor,1,sensor,sensor,1,https://platform.keesingtechnologies.com/tag/sensor/
Seychelles,1,Seychelles,seychelle,1,https://platform.keesingtechnologies.com/tag/seychelles/
shiba inu,1,shiba inu,shiba inu,1,https://platform.keesingtechnologies.com/tag/shiba-inu/
Sierra Leone,1,Sierra Leone,sierra leone,1,https://platform.keesingtechnologies.com/tag/sierra-leone/
simultaneous offset,1,simultaneous offset,simultaneou offset,1,https://platform.keesingtechnologies.com/tag/simultaneous-offset/
Singapore Airlines,1,Singapore Airlines,singapore airline,1,https://platform.keesingtechnologies.com/tag/singapore-airlines/
Slovakia,1,Slovakia,slovakia,1,https://platform.keesingtechnologies.com/tag/slovakia/
smart cards,1,smart cards,smart card,1,https://platform.keesingtechnologies.com/tag/smart-cards/
Smart IDs,1,Smart IDs,smart ids,1,https://platform.keesingtechnologies.com/tag/smart-ids/
Smart Packaging Solutions,1,Smart Packaging Solutions,smart packaging solution,1,https://platform.keesingtechnologies.com/tag/smart-packaging-solutions/
smartphone authentication,1,smartphone authentication,smartphone authentication,1,https://platform.keesingtechnologies.com/tag/smartphone-authentication/
Soccer,1,Soccer,soccer,1,https://platform.keesingtechnologies.com/tag/soccer/
social changes,1,social changes,social change,1,https://platform.keesingtechnologies.com/tag/social-changes/
social engagement,1,social engagement,social engagement,1,https://platform.keesingtechnologies.com/tag/social-engagement/
social interaction,1,social interaction,social interaction,1,https://platform.keesingtechnologies.com/tag/social-interaction/
Software Development Library,1,Software Development Library,software development library,1,https://platform.keesingtechnologies.com/tag/software-development-library/
solution tools,1,solution tools,solution tool,1,https://platform.keesingtechnologies.com/tag/solution-tools/
South Carolina,1,South Carolina,south carolina,1,https://platform.keesingtechnologies.com/tag/south-carolina/
space programmes,1,space programmes,space programme,1,https://platform.keesingtechnologies.com/tag/space-programmes/
specimen,1,specimen,specimen,1,https://platform.keesingtechnologies.com/tag/specimen/
Split fountain,1,Split fountain,split fountain,1,https://platform.keesingtechnologies.com/tag/split-fountain/
Spuriscope,1,Spuriscope,spuriscope,1,https://platform.keesingtechnologies.com/tag/spuriscope/
SSARM,1,SSARM,ssarm,1,https://platform.keesingtechnologies.com/tag/ssarm/
St Helena,1,St Helena,st helena,1,https://platform.keesingtechnologies.com/tag/st-helena/
St. Maarten,1,St. Maarten,st. maarten,1,https://platform.keesingtechnologies.com/tag/st-maarten/
stamps,1,stamps,stamp,1,https://platform.keesingtechnologies.com/tag/stamps/
status,1,status,statu,1,https://platform.keesingtechnologies.com/tag/status/
Study,1,Study,study,1,https://platform.keesingtechnologies.com/tag/study/
study visas,1,study visas,study visa,1,https://platform.keesingtechnologies.com/tag/study-visas/
Suriname,1,Suriname,suriname,1,https://platform.keesingtechnologies.com/tag/suriname/
Surys,1,Surys,sury,1,https://platform.keesingtechnologies.com/tag/surys/
sustainability,1,sustainability,sustainability,1,https://platform.keesingtechnologies.com/tag/sustainability/
Swiss ID,1,Swiss ID,swiss id,1,https://platform.keesingtechnologies.com/tag/swiss-id/
Swiss National Bank,1,Swiss National Bank,swiss national bank,1,https://platform.keesingtechnologies.com/tag/swiss-national-bank/
synthetic ID,1,synthetic ID,synthetic id,1,https://platform.keesingtechnologies.com/tag/synthetic-id/
Syria,1,Syria,syria,1,https://platform.keesingtechnologies.com/tag/syria/
system security,1,system security,system security,1,https://platform.keesingtechnologies.com/tag/system-security/
T5-Airkey,1,T5-Airkey,t5 airkey,1,https://platform.keesingtechnologies.com/tag/t5-airkey/
tablet,1,tablet,tablet,1,https://platform.keesingtechnologies.com/tag/tablet/
TDS,1,TDS,tds,1,https://platform.keesingtechnologies.com/tag/tds/
tech awards,1,tech awards,tech award,1,https://platform.keesingtechnologies.com/tag/tech-awards/
Technologies,1,Technologies,technologie,1,https://platform.keesingtechnologies.com/tag/technologies/
Tennessee,1,Tennessee,tennessee,1,https://platform.keesingtechnologies.com/tag/tennessee/
terror,1,terror,terror,1,https://platform.keesingtechnologies.com/tag/terror/
TFT,1,TFT,tft,1,https://platform.keesingtechnologies.com/tag/tft/
The Convention for the Protection of Human Rights,1,The Convention for the Protection of Human Rights,the convention for the protection of human right,1,https://platform.keesingtechnologies.com/tag/the-convention-for-the-protection-of-human-rights/
The European Commission,1,The European Commission,the european commission,1,https://platform.keesingtechnologies.com/tag/the-european-commission/
the eurosystem,1,the eurosystem,the eurosystem,1,https://platform.keesingtechnologies.com/tag/the-eurosystem/
the IaaS component,1,the IaaS component,the iaas component,1,https://platform.keesingtechnologies.com/tag/the-iaas-component/
the PaaS component,1,the PaaS component,the paas component,1,https://platform.keesingtechnologies.com/tag/the-paas-component/
the SaaS component,1,the SaaS component,the saas component,1,https://platform.keesingtechnologies.com/tag/the-saas-component/
The States of Guernsey,1,The States of Guernsey,the state of guernsey,1,https://platform.keesingtechnologies.com/tag/the-states-of-guernsey/
The U.S. Passport Service,1,The U.S. Passport Service,the u.s. passport service,1,https://platform.keesingtechnologies.com/tag/the-u-s-passport-service/
Threat detection,1,Threat detection,threat detection,1,https://platform.keesingtechnologies.com/tag/threat-detection/
Token-based systems,1,Token-based systems,token based system,1,https://platform.keesingtechnologies.com/tag/token-based-systems/
toman,1,toman,toman,1,https://platform.keesingtechnologies.com/tag/toman/
touch id,1,touch id,touch id,1,https://platform.keesingtechnologies.com/tag/touch-id/
touchpoints,1,touchpoints,touchpoint,1,https://platform.keesingtechnologies.com/tag/touchpoints/
tracking,1,tracking,tracking,1,https://platform.keesingtechnologies.com/tag/tracking/
transliteration,1,transliteration,transliteration,1,https://platform.keesingtechnologies.com/tag/transliteration/
Transportation Security Administration,1,Transportation Security Administration,transportation security administration,1,https://platform.keesingtechnologies.com/tag/transportation-security-administration/
TransUnion,1,TransUnion,transunion,1,https://platform.keesingtechnologies.com/tag/transunion/
Tribal,1,Tribal,tribal,1,https://platform.keesingtechnologies.com/tag/tribal/
Trinsic,1,Trinsic,trinsic,1,https://platform.keesingtechnologies.com/tag/trinsic/
trusted identification,1,trusted identification,trusted identification,1,https://platform.keesingtechnologies.com/tag/trusted-identification/
TSA Checkpoints,1,TSA Checkpoints,tsa checkpoint,1,https://platform.keesingtechnologies.com/tag/tsa-checkpoints/
TSA PreCheck,1,TSA PreCheck,tsa precheck,1,https://platform.keesingtechnologies.com/tag/tsa-precheck/
Turkmenistan,1,Turkmenistan,turkmenistan,1,https://platform.keesingtechnologies.com/tag/turkmenistan/
twenty pounds,1,twenty pounds,twenty pound,1,https://platform.keesingtechnologies.com/tag/twenty-pounds/
Two Factor Authentication,1,Two Factor Authentication,two factor authentication,1,https://platform.keesingtechnologies.com/tag/two-factor-authentication/
U.K.,1,U.K.,u.k.,1,https://platform.keesingtechnologies.com/tag/u-k/
U.S.,1,U.S.,u.s.,1,https://platform.keesingtechnologies.com/tag/u-s/
U.S. Dollar,1,U.S. Dollar,u.s. dollar,1,https://platform.keesingtechnologies.com/tag/u-s-dollar/
U.S. Internal Revenue Service,1,U.S. Internal Revenue Service,u.s. internal revenue service,1,https://platform.keesingtechnologies.com/tag/u-s-internal-revenue-service/
U.S. Military Retirees and Dependents,1,U.S. Military Retirees and Dependents,u.s. military retiree and dependent,1,https://platform.keesingtechnologies.com/tag/u-s-military-retirees-and-dependents/
U.S. States,1,U.S. States,u.s. state,1,https://platform.keesingtechnologies.com/tag/u-s-states/
Uganda,1,Uganda,uganda,1,https://platform.keesingtechnologies.com/tag/uganda/
UK border agency,1,UK border agency,uk border agency,1,https://platform.keesingtechnologies.com/tag/uk-border-agency/
Ukiyo-e,1,Ukiyo-e,ukiyo e,1,https://platform.keesingtechnologies.com/tag/ukiyo-e/
UN,1,UN,un,1,https://platform.keesingtechnologies.com/tag/un/
United Nations Day,1,United Nations Day,united nation day,1,https://platform.keesingtechnologies.com/tag/united-nations-day/
United Nations Development Programme,1,United Nations Development Programme,united nation development programme,1,https://platform.keesingtechnologies.com/tag/united-nations-development-programme/
University of Texas,1,University of Texas,university of texa,1,https://platform.keesingtechnologies.com/tag/university-of-texas/
UNTCDs,1,UNTCDs,untcd,1,https://platform.keesingtechnologies.com/tag/untcds/
US Customs and Border Protection,1,US Customs and Border Protection,us custom and border protection,1,https://platform.keesingtechnologies.com/tag/us-border-protection/
US digital credentials,1,US digital credentials,us digital credential,1,https://platform.keesingtechnologies.com/tag/us-digital-credentials/
US Passport,1,US Passport,us passport,1,https://platform.keesingtechnologies.com/tag/us-passport/
V.N.,1,V.N.,v.n.,1,https://platform.keesingtechnologies.com/tag/v-n/
Vaccination,1,Vaccination,vaccination,1,https://platform.keesingtechnologies.com/tag/vaccination/
Variational Autoencoder,1,Variational Autoencoder,variational autoencoder,1,https://platform.keesingtechnologies.com/tag/variational-autoencoder/
vCISO,1,vCISO,vciso,1,https://platform.keesingtechnologies.com/tag/vciso/
vein recognition,1,vein recognition,vein recognition,1,https://platform.keesingtechnologies.com/tag/vein-recognition/
Vending Machine,1,Vending Machine,vending machine,1,https://platform.keesingtechnologies.com/tag/vending-machine/
veridos,1,veridos,verido,1,https://platform.keesingtechnologies.com/tag/veridos/
VeriTeQ,1,VeriTeQ,veriteq,1,https://platform.keesingtechnologies.com/tag/veriteq/
Versailles Peace Treaty,1,Versailles Peace Treaty,versaille peace treaty,1,https://platform.keesingtechnologies.com/tag/versailles-peace-treaty/
vertical layout,1,vertical layout,vertical layout,1,https://platform.keesingtechnologies.com/tag/vertical-layout/
video,1,video,video,1,https://platform.keesingtechnologies.com/tag/video/
Virginia,1,Virginia,virginia,1,https://platform.keesingtechnologies.com/tag/virginia/
Virtual Network,1,Virtual Network,virtual network,1,https://platform.keesingtechnologies.com/tag/virtual-network/
virtual payments,1,virtual payments,virtual payment,1,https://platform.keesingtechnologies.com/tag/virtual-payments/
Virtual Privacy Office,1,Virtual Privacy Office,virtual privacy office,1,https://platform.keesingtechnologies.com/tag/virtual-privacy-office/
virus,1,virus,viru,1,https://platform.keesingtechnologies.com/tag/virus/
visa cancellation agreement,1,visa cancellation agreement,visa cancellation agreement,1,https://platform.keesingtechnologies.com/tag/visa-cancellation-agreement/
visa conditions,1,visa conditions,visa condition,1,https://platform.keesingtechnologies.com/tag/visa-conditions/
visa decree,1,visa decree,visa decree,1,https://platform.keesingtechnologies.com/tag/visa-decree/
visa fee,1,visa fee,visa fee,1,https://platform.keesingtechnologies.com/tag/visa-fee/
visa policy,1,visa policy,visa policy,1,https://platform.keesingtechnologies.com/tag/visa-policy/
visa restrictions,1,visa restrictions,visa restriction,1,https://platform.keesingtechnologies.com/tag/visa-restrictions/
Visa Waiver Agreement,1,Visa Waiver Agreement,visa waiver agreement,1,https://platform.keesingtechnologies.com/tag/visa-waiver-agreement/
visa-free regime,1,visa-free regime,visa free regime,1,https://platform.keesingtechnologies.com/tag/visa-free-regime/
visa-free travel,1,visa-free travel,visa free travel,1,https://platform.keesingtechnologies.com/tag/visa-free-travel/
VPO,1,VPO,vpo,1,https://platform.keesingtechnologies.com/tag/vpo/
Vulnerability Scans,1,Vulnerability Scans,vulnerability scan,1,https://platform.keesingtechnologies.com/tag/vulnerability-scans/
West Virginia,1,West Virginia,west virginia,1,https://platform.keesingtechnologies.com/tag/west-virginia/
Wi-Fi Access Points,1,Wi-Fi Access Points,wi fi access point,1,https://platform.keesingtechnologies.com/tag/wi-fi-access-points/
winston churchill,1,winston churchill,winston churchill,1,https://platform.keesingtechnologies.com/tag/winston-churchill/
Wisconsin,1,Wisconsin,wisconsin,1,https://platform.keesingtechnologies.com/tag/wisconsin/
Women on Banknotes,1,Women on Banknotes,women on banknote,1,https://platform.keesingtechnologies.com/tag/women-on-banknotes/
Work Permit,1,Work Permit,work permit,1,https://platform.keesingtechnologies.com/tag/work-permit/
World Cup,1,World Cup,world cup,1,https://platform.keesingtechnologies.com/tag/world-cup/
World Economic Forum,1,World Economic Forum,world economic forum,1,https://platform.keesingtechnologies.com/tag/world-economic-forum/
worse,1,worse,worse,1,https://platform.keesingtechnologies.com/tag/worse/
Yen,1,Yen,yen,1,https://platform.keesingtechnologies.com/tag/yen/
Yoti,1,Yoti,yoti,1,https://platform.keesingtechnologies.com/tag/yoti/
Zambia,1,Zambia,zambia,1,https://platform.keesingtechnologies.com/tag/zambia/
Zig,1,Zig,zig,1,https://platform.keesingtechnologies.com/tag/zig/
ZTF,1,ZTF,ztf,1,https://platform.keesingtechnologies.com/tag/ztf/
500 krone,0,500 krone,500 krone,1,https://platform.keesingtechnologies.com/tag/500-krone/
access control,0,access control,access control,1,https://platform.keesingtechnologies.com/tag/access-control/
Arte,0,Arte,arte,1,https://platform.keesingtechnologies.com/tag/arte/
authenticiy,0,authenticiy,authenticiy,1,https://platform.keesingtechnologies.com/tag/authenticiy/
Bank Al-Maghrib banknotes,0,Bank Al-Maghrib banknotes,bank al maghrib banknote,1,https://platform.keesingtechnologies.com/tag/bank-al-maghrib-banknotes/
biodata,0,biodata,biodata,1,https://platform.keesingtechnologies.com/tag/biodata/
birthregistration,0,birthregistration,birthregistration,1,https://platform.keesingtechnologies.com/tag/birthregistration/
Campus ID,0,Campus ID,campu id,1,https://platform.keesingtechnologies.com/tag/campus-id/
Card Issuance,0,Card Issuance,card issuance,1,https://platform.keesingtechnologies.com/tag/card-issuance/
Changeable Laser Image,0,Changeable Laser Image,changeable laser image,1,https://platform.keesingtechnologies.com/tag/changeable-laser-image/
Chemical profiling,0,Chemical profiling,chemical profiling,1,https://platform.keesingtechnologies.com/tag/chemical-profiling/
cloud,0,cloud,cloud,1,https://platform.keesingtechnologies.com/tag/cloud/
CRIME,0,CRIME,crime,1,https://platform.keesingtechnologies.com/tag/crime/
CTED,0,CTED,cted,1,https://platform.keesingtechnologies.com/tag/cted/
cybersec,0,cybersec,cybersec,1,https://platform.keesingtechnologies.com/tag/cybersec/
Cybersecurity Summit Portugal - ISMG Events - Lisbon,0,Cybersecurity Summit Portugal - ISMG Events - Lisbon,cybersecurity summit portugal ismg event lisbon,1,https://platform.keesingtechnologies.com/tag/cybersecurity-summit-portugal-ismg-events-lisbon/
Danish,0,Danish,danish,1,https://platform.keesingtechnologies.com/tag/danish/
data formats,0,data formats,data format,1,https://platform.keesingtechnologies.com/tag/data-formats/
data quality,0,data quality,data quality,1,https://platform.keesingtechnologies.com/tag/data-quality/
datapage,0,datapage,datapage,1,https://platform.keesingtechnologies.com/tag/datapage/
de la rue international,0,de la rue international,de la rue international,1,https://platform.keesingtechnologies.com/tag/de-la-rue-international/
Digital Electronic Devices,0,Digital Electronic Devices,digital electronic device,1,https://platform.keesingtechnologies.com/tag/digital-electronic-devices/
documentation,0,documentation,documentation,1,https://platform.keesingtechnologies.com/tag/documentation/
EES,0,EES,ees,1,https://platform.keesingtechnologies.com/tag/ees/
eIDAS,0,eIDAS,eida,1,https://platform.keesingtechnologies.com/tag/eidas/
emigrants,0,emigrants,emigrant,1,https://platform.keesingtechnologies.com/tag/emigrants/
ETIAS,0,ETIAS,etia,1,https://platform.keesingtechnologies.com/tag/etias/
external,0,external,external,1,https://platform.keesingtechnologies.com/tag/external/
Facial images,0,Facial images,facial image,1,https://platform.keesingtechnologies.com/tag/facial-images/
Fake IDs,0,Fake IDs,fake ids,1,https://platform.keesingtechnologies.com/tag/fake-ids/
federations,0,federations,federation,1,https://platform.keesingtechnologies.com/tag/federations/
financial,0,financial,financial,1,https://platform.keesingtechnologies.com/tag/financial/
Financial services,0,Financial services,financial service,1,https://platform.keesingtechnologies.com/tag/financial-services/
forced displacement,0,forced displacement,forced displacement,1,https://platform.keesingtechnologies.com/tag/forced-displacement/
Forensic science,0,Forensic science,forensic science,1,https://platform.keesingtechnologies.com/tag/forensic-science/
frontier,0,frontier,frontier,1,https://platform.keesingtechnologies.com/tag/frontier/
GMM,0,GMM,gmm,1,https://platform.keesingtechnologies.com/tag/gmm/
graphic,0,graphic,graphic,1,https://platform.keesingtechnologies.com/tag/graphic/
Handsets,0,Handsets,handset,1,https://platform.keesingtechnologies.com/tag/handsets/
Henley,0,Henley,henley,1,https://platform.keesingtechnologies.com/tag/henley/
HMM,0,HMM,hmm,1,https://platform.keesingtechnologies.com/tag/hmm/
IBNS,0,IBNS,ibns,1,https://platform.keesingtechnologies.com/tag/ibns/
ICAO Portrait Quality Technical Report,0,ICAO Portrait Quality Technical Report,icao portrait quality technical report,1,https://platform.keesingtechnologies.com/tag/icao-portrait-quality-technical-report/
ICAO's Technical Advisory Group,0,ICAO's Technical Advisory Group,icao' technical advisory group,1,https://platform.keesingtechnologies.com/tag/icaos-technical-advisory-group/
ID DOcume,0,ID DOcume,id docume,1,https://platform.keesingtechnologies.com/tag/id-docume/
identifiers,0,identifiers,identifier,1,https://platform.keesingtechnologies.com/tag/identifiers/
identity security,0,identity security,identity security,1,https://platform.keesingtechnologies.com/tag/identity-security/
identity solution,0,identity solution,identity solution,1,https://platform.keesingtechnologies.com/tag/identity-solution/
immigrants,0,immigrants,immigrant,1,https://platform.keesingtechnologies.com/tag/immigrants/
inkjet,0,inkjet,inkjet,1,https://platform.keesingtechnologies.com/tag/inkjet/
inspection,0,inspection,inspection,1,https://platform.keesingtechnologies.com/tag/inspection/
Intelligence,0,Intelligence,intelligence,1,https://platform.keesingtechnologies.com/tag/intelligence/
ISO,0,ISO,iso,1,https://platform.keesingtechnologies.com/tag/iso/
Járgr,0,Járgr,járgr,1,https://platform.keesingtechnologies.com/tag/jargr/
Laminate,0,Laminate,laminate,1,https://platform.keesingtechnologies.com/tag/laminate/
latin america,0,latin america,latin america,1,https://platform.keesingtechnologies.com/tag/latin-america/
management,0,management,management,1,https://platform.keesingtechnologies.com/tag/management/
Migration Digital ID Toolkit,0,Migration Digital ID Toolkit,migration digital id toolkit,1,https://platform.keesingtechnologies.com/tag/migration-digital-id-toolkit/
Moroccan dirham,0,Moroccan dirham,moroccan dirham,1,https://platform.keesingtechnologies.com/tag/moroccan-dirham/
Multiple Laser Image,0,Multiple Laser Image,multiple laser image,1,https://platform.keesingtechnologies.com/tag/multiple-laser-image/
Nonrth Carolina,0,Nonrth Carolina,nonrth carolina,1,https://platform.keesingtechnologies.com/tag/nonrth-carolina/
old Moroccan currency,0,old Moroccan currency,old moroccan currency,1,https://platform.keesingtechnologies.com/tag/old-moroccan-currency/
other documents across Europe,0,other documents across Europe,other document across europe,1,https://platform.keesingtechnologies.com/tag/other-documents-across-europe/
pasport,0,pasport,pasport,1,https://platform.keesingtechnologies.com/tag/pasport/
Passenger Name Record,0,Passenger Name Record,passenger name record,1,https://platform.keesingtechnologies.com/tag/passenger-name-record/
peronal,0,peronal,peronal,1,https://platform.keesingtechnologies.com/tag/peronal/
person,0,person,person,1,https://platform.keesingtechnologies.com/tag/person/
personal,0,personal,personal,1,https://platform.keesingtechnologies.com/tag/personal/
pigment,0,pigment,pigment,1,https://platform.keesingtechnologies.com/tag/pigment/
political strategies,0,political strategies,political strategie,1,https://platform.keesingtechnologies.com/tag/political-strategies/
polymer note,0,polymer note,polymer note,1,https://platform.keesingtechnologies.com/tag/polymer-note/
pre-presssee-throughs,0,pre-presssee-throughs,pre presssee through,1,https://platform.keesingtechnologies.com/tag/pre-presssee-throughs/
protocols,0,protocols,protocol,1,https://platform.keesingtechnologies.com/tag/protocols/
rank,0,rank,rank,1,https://platform.keesingtechnologies.com/tag/rank/
ranking,0,ranking,ranking,1,https://platform.keesingtechnologies.com/tag/ranking/
RealME®,0,RealME®,realme®,1,https://platform.keesingtechnologies.com/tag/realme/
redesign,0,redesign,redesign,1,https://platform.keesingtechnologies.com/tag/redesign/
safeguard,0,safeguard,safeguard,1,https://platform.keesingtechnologies.com/tag/safeguard/
SC37,0,SC37,sc37,1,https://platform.keesingtechnologies.com/tag/sc37/
SDW Asia,0,SDW Asia,sdw asia,1,https://platform.keesingtechnologies.com/tag/sdw-asia/
Secure,0,Secure,secure,1,https://platform.keesingtechnologies.com/tag/secure/
security printers,0,security printers,security printer,1,https://platform.keesingtechnologies.com/tag/security-printers/
Solar Winds,0,Solar Winds,solar wind,1,https://platform.keesingtechnologies.com/tag/solar-winds/
substrates,0,substrates,substrate,1,https://platform.keesingtechnologies.com/tag/substrates/
the Middle East and Africa,0,the Middle East and Africa,the middle east and africa,1,https://platform.keesingtechnologies.com/tag/the-middle-east-and-africa/
Uniquely identify travellers,0,Uniquely identify travellers,uniquely identify traveller,1,https://platform.keesingtechnologies.com/tag/uniquely-identify-travellers/
voice,0,voice,voice,1,https://platform.keesingtechnologies.com/tag/voice/
